-- phpMyAdmin SQL Dump
-- version 4.8.0
-- https://www.phpmyadmin.net/
--
-- Máy chủ: 127.0.0.1
-- Thời gian đã tạo: Th6 05, 2018 lúc 03:01 PM
-- Phiên bản máy phục vụ: 10.1.31-MariaDB
-- Phiên bản PHP: 7.2.4

SET SQL_MODE = "NO_AUTO_VALUE_ON_ZERO";
SET AUTOCOMMIT = 0;
START TRANSACTION;
SET time_zone = "+00:00";


/*!40101 SET @OLD_CHARACTER_SET_CLIENT=@@CHARACTER_SET_CLIENT */;
/*!40101 SET @OLD_CHARACTER_SET_RESULTS=@@CHARACTER_SET_RESULTS */;
/*!40101 SET @OLD_COLLATION_CONNECTION=@@COLLATION_CONNECTION */;
/*!40101 SET NAMES utf8mb4 */;

--
-- Cơ sở dữ liệu: `tintuc`
--

-- --------------------------------------------------------

--
-- Cấu trúc bảng cho bảng `comment`
--

CREATE TABLE `comment` (
  `id` int(10) UNSIGNED NOT NULL,
  `idUser` int(10) UNSIGNED NOT NULL,
  `idTinTuc` int(10) UNSIGNED NOT NULL,
  `NoiDung` varchar(255) COLLATE utf8_unicode_ci NOT NULL,
  `created_at` timestamp NULL DEFAULT NULL,
  `updated_at` timestamp NULL DEFAULT NULL
) ENGINE=InnoDB DEFAULT CHARSET=utf8 COLLATE=utf8_unicode_ci;

--
-- Đang đổ dữ liệu cho bảng `comment`
--

INSERT INTO `comment` (`id`, `idUser`, `idTinTuc`, `NoiDung`, `created_at`, `updated_at`) VALUES
(1, 1, 36, 'bài viết hay', '2018-05-17 10:53:32', NULL),
(2, 2, 2, 'Bài viết hay\r\n', '2018-05-17 16:52:53', NULL),
(3, 2, 2, 'Bài viết hay\r\n', '2018-05-17 16:53:18', NULL),
(4, 1, 4, 'Bài viết hay', '2018-05-17 18:30:36', NULL),
(5, 2, 4, 'Bài viết không hay', '2018-05-17 18:31:23', NULL),
(6, 1, 4, 'Bai viet hayyy', '2018-05-22 09:27:38', NULL),
(7, 3, 4, 'Bài viết không hay', '2018-06-05 10:25:13', NULL);

-- --------------------------------------------------------

--
-- Cấu trúc bảng cho bảng `loaitin`
--

CREATE TABLE `loaitin` (
  `id` int(10) UNSIGNED NOT NULL,
  `idTheLoai` int(10) UNSIGNED NOT NULL,
  `Ten` varchar(255) COLLATE utf8_unicode_ci NOT NULL,
  `TenKhongDau` varchar(255) COLLATE utf8_unicode_ci NOT NULL,
  `created_at` timestamp NULL DEFAULT NULL,
  `updated_at` timestamp NULL DEFAULT NULL
) ENGINE=InnoDB DEFAULT CHARSET=utf8 COLLATE=utf8_unicode_ci;

--
-- Đang đổ dữ liệu cho bảng `loaitin`
--

INSERT INTO `loaitin` (`id`, `idTheLoai`, `Ten`, `TenKhongDau`, `created_at`, `updated_at`) VALUES
(1, 1, 'Giáo Dục', 'Giao-Duc', NULL, NULL),
(2, 1, 'Nhịp Điệu Trẻ', 'Nhip-Dieu-Tre', NULL, NULL),
(3, 1, 'Du Lịch', 'Du-Lich', NULL, NULL),
(4, 1, 'Du Học', 'Du-Hoc', NULL, NULL),
(5, 2, 'Cuộc Sống Đó Đây', 'Cuoc-Song-Do-Day', NULL, NULL),
(6, 2, 'Ảnh', 'Anh', NULL, NULL),
(7, 2, 'Người Việt 5 Châu', 'Nguoi-Viet-5-Chau', NULL, NULL),
(8, 2, 'Phân Tích', 'Phan-Tich', NULL, NULL),
(9, 3, 'Chứng Khoán', 'Chung-Khoan', NULL, NULL),
(10, 3, 'Bất Động Sản', 'Bat-Dong-San', NULL, NULL),
(11, 3, 'Doanh Nhân', 'Doanh-Nhan', NULL, NULL),
(12, 3, 'Quốc Tế', 'Quoc-Te', NULL, NULL),
(13, 3, 'Mua Sắm', 'Mua-Sam', NULL, NULL),
(14, 3, 'Doanh Nghiệp Viết', 'Doanh-Nghiep-Viet', NULL, NULL),
(15, 4, 'Hoa Hậu', 'Hoa-Hau', NULL, NULL),
(16, 4, 'Nghệ Sỹ', 'Nghe-Sy', NULL, NULL),
(17, 4, 'Âm Nhạc', 'Am-Nhac', NULL, NULL),
(18, 4, 'Thời Trang', 'Thoi-Trang', NULL, NULL),
(19, 4, 'Điện Ảnh', 'Dien-Anh', NULL, NULL),
(20, 4, 'Mỹ Thuật', 'My-Thuat', NULL, NULL),
(21, 5, 'Bóng Đá', 'Bong-Da', NULL, NULL),
(22, 5, 'Tennis', 'Tennis', NULL, NULL),
(23, 5, 'Chân Dung', 'Chan-Dung', NULL, NULL),
(24, 5, 'Ảnh', 'Anh-TT', NULL, NULL),
(25, 6, 'Hình Sự', 'Hinh-Su', NULL, NULL),
(26, 7, 'Cộng Đồng', 'Cong-Dong', '2018-05-17 05:33:32', NULL),
(27, 8, 'Chuyện Lạ', 'Chuyen-La', '2018-05-17 18:25:16', '2018-05-17 18:26:24'),
(28, 9, 'Đời Sống Số', 'Doi-Song-So', '2018-05-17 18:28:28', '2018-06-03 02:24:00');

-- --------------------------------------------------------

--
-- Cấu trúc bảng cho bảng `slide`
--

CREATE TABLE `slide` (
  `id` int(10) UNSIGNED NOT NULL,
  `Ten` varchar(255) COLLATE utf8_unicode_ci NOT NULL,
  `Hinh` varchar(255) COLLATE utf8_unicode_ci NOT NULL,
  `link` varchar(255) COLLATE utf8_unicode_ci DEFAULT NULL,
  `created_at` timestamp NULL DEFAULT NULL,
  `updated_at` timestamp NULL DEFAULT NULL
) ENGINE=InnoDB DEFAULT CHARSET=utf8 COLLATE=utf8_unicode_ci;

--
-- Đang đổ dữ liệu cho bảng `slide`
--

INSERT INTO `slide` (`id`, `Ten`, `Hinh`, `link`, `created_at`, `updated_at`) VALUES
(10, 'slide1', 'slide1.jpg', NULL, '2018-05-17 03:05:38', NULL),
(11, 'slide2', 'slide2.jpg', NULL, '2018-05-17 03:06:55', NULL),
(12, 'slide3', 'slide3.jpg', NULL, '2018-05-17 03:10:37', NULL);

-- --------------------------------------------------------

--
-- Cấu trúc bảng cho bảng `theloai`
--

CREATE TABLE `theloai` (
  `id` int(10) UNSIGNED NOT NULL,
  `Ten` varchar(255) COLLATE utf8_unicode_ci NOT NULL,
  `TenKhongDau` varchar(255) COLLATE utf8_unicode_ci NOT NULL,
  `created_at` timestamp NULL DEFAULT NULL,
  `updated_at` timestamp NULL DEFAULT NULL
) ENGINE=InnoDB DEFAULT CHARSET=utf8 COLLATE=utf8_unicode_ci;

--
-- Đang đổ dữ liệu cho bảng `theloai`
--

INSERT INTO `theloai` (`id`, `Ten`, `TenKhongDau`, `created_at`, `updated_at`) VALUES
(1, 'Xã Hội', 'Xa-Hoi', NULL, NULL),
(2, 'Thế Giới', 'The-Gioi', NULL, NULL),
(3, 'Kinh Doanh', 'Kinh-Doanh', NULL, NULL),
(4, 'Văn Hoá', 'Van-Hoa', NULL, NULL),
(5, 'Thể Thao', 'The-Thao', NULL, NULL),
(6, 'Pháp Luật', 'Phap-Luat', NULL, NULL),
(7, 'Đời Sống', 'Doi-Song', NULL, NULL),
(8, 'Khoa Học', 'Khoa-Hoc', NULL, NULL),
(9, 'Số Hóa', 'So-Hoa', NULL, '2018-05-17 05:32:42');

-- --------------------------------------------------------

--
-- Cấu trúc bảng cho bảng `tintuc`
--

CREATE TABLE `tintuc` (
  `id` int(10) UNSIGNED NOT NULL,
  `TieuDe` varchar(255) COLLATE utf8_unicode_ci NOT NULL,
  `TieuDeKhongDau` varchar(255) COLLATE utf8_unicode_ci NOT NULL,
  `TomTat` text COLLATE utf8_unicode_ci NOT NULL,
  `NoiDung` longtext COLLATE utf8_unicode_ci NOT NULL,
  `Hinh` varchar(255) COLLATE utf8_unicode_ci NOT NULL,
  `NoiBat` int(11) NOT NULL DEFAULT '0',
  `SoLuotXem` int(11) DEFAULT '0',
  `idLoaiTin` int(10) UNSIGNED NOT NULL,
  `created_at` timestamp NULL DEFAULT CURRENT_TIMESTAMP,
  `updated_at` timestamp NULL DEFAULT CURRENT_TIMESTAMP
) ENGINE=InnoDB DEFAULT CHARSET=utf8 COLLATE=utf8_unicode_ci;

--
-- Đang đổ dữ liệu cho bảng `tintuc`
--

INSERT INTO `tintuc` (`id`, `TieuDe`, `TieuDeKhongDau`, `TomTat`, `NoiDung`, `Hinh`, `NoiBat`, `SoLuotXem`, `idLoaiTin`, `created_at`, `updated_at`) VALUES
(1, 'Những trường hợp được tuyển thẳng vào lớp 10 công lập Hà Nội', 'Nhung-truong-hop-tuyen-thang-vao-lop-10', 'Học sinh đạt giải cấp quốc gia, quốc tế về văn hóa, văn nghệ, thể dục thể thao, thi Khoa học kỹ thuật cấp quốc gia... được tuyển thẳng.', '<p>Hướng dẫn tuyển sinh vào lớp 10 THPT năm học 2018-2019 của Sở Giáo dục và Đào tạo Hà Nội quy định chi tiết&nbsp;4 đối tượng được tuyển thẳng.&nbsp;</p><p><i>Trường hợp thứ nhất </i>là học sinh trường Phổ thông dân tộc nội trú tốt nghiệp THCS đã được tuyển thẳng vào lớp 10 THPT của trường Phổ thông dân tộc nội trú.&nbsp;</p><p><i>Trường hợp thứ hai</i> là học sinh người dân tộc thiểu số rất ít người. Có 16 dân tộc thuộc nhóm này gồm: La Ha, La Hủ, Pà Thèn, Chứt, Lự, Lô Lô, Mảng, Cống, Cờ Lao, Bố Y, Ngái, Si La, Pú Péo, Brâu, Rơ Măm, Ơ Đu.</p><p><i>Trường hợp thứ ba</i>&nbsp;là học sinh khuyết tật, bị khiếm khuyết&nbsp;một hoặc nhiều bộ phận cơ thể, hoặc bị suy giảm chức năng được biểu hiện dưới dạng không bình thường khiến cho lao động, sinh hoạt, học tập gặp khó khăn. Để được xét tuyển thẳng vào lớp 10 THPT, học sinh khuyết tật cần nộp&nbsp;bản sao hợp lệ <i>Giấy xác nhận khuyết tật </i>do Chủ tịch UBND cấp xã cấp theo mẫu số 7 ban hành kèm Thông tư liên tịch số 37 (năm 2012) của Bộ Lao động Thương binh Xã hội - Bộ Y tế - Bộ Tài chính - Bộ Giáo dục và Đào tạo.&nbsp;</p><p><i>Trường hợp thứ tư&nbsp;</i>là học sinh đạt giải cấp quốc gia, quốc tế về văn hóa, văn nghệ, thể dục thể thao, cuộc thi Khoa học kỹ thuật cấp quốc gia dành cho học sinh THCS và THPT. Các cuộc thi này phải do Bộ Giáo dục và Đào tạo tổ chức hoặc phối hợp tổ chức với các ngành chuyên môn.</p><p>Cụ thể, các cuộc thi, Olympic dành cho học sinh phổ thông được Sở Giáo dục và Đào tạo Hà Nội chấp thuận gồm:&nbsp;Kỳ thi chọn <i>học sinh giỏi quốc gia</i>; kỳ thi <i>chọn đội tuyển Olympic quốc tế</i>; cuộc thi <i>Khoa học kỹ thuật </i>cấp quốc gia dành cho học sinh THCS và THPT;&nbsp;<i>Hội khỏe Phù Đổng toàn quốc</i> (gồm các môn thể thao được dạy trong trường học, được tổ chức 4 năm/lần); cuộc thi <i>Tuổi trẻ học tập và làm theo tấm gương đạo đức Hồ Chí Minh</i>; cuộc thi <i>Viết thư quốc tế UPU</i>do Bộ Thông tin và Truyền thông chủ trì.</p><p>Ngoài các cuộc thi trên, học sinh đạt giải cấp quốc gia trở lên trong các cuộc thi Sở Giáo dục Hà Nội quy định tại công văn số 3035 (năm 2016) trước năm học 2017-2018, được bảo lưu trong năm học 2018-2019. Công văn này có 19&nbsp;cuộc thi, Olympic dành cho học sinh bậc THCS và THPT, trong đó 8 cuộc về trí tuệ, 5 cuộc thi về khoa học kỹ thuật và 6 cuộc về văn nghệ, thể dục thể thao, mỹ thuật.</p><p>Điều kiện tuyển thẳng là học sinh hoặc bố mẹ học sinh phải có hộ khẩu thường trú tại Hà Nội và thuộc một trong&nbsp;4 đối tượng tuyển thẳng ở trên.</p><p>Mỗi học sinh&nbsp;chỉ được tuyển thẳng vào một trường THPT. Trường đó, nếu là THPT công lập thì&nbsp;phải thuộc khu vực tuyển sinh nơi học sinh hoặc bố mẹ em có hộ khẩu thường trú hoặc cứ trú thực tế. Nếu trường học sinh đăng ký tuyển thẳng là THPT công lập tự chủ tài chính hoặc trường ngoài công lập thì không phân biệt khu vực tuyển sinh.</p><p>Trường hợp học sinh đủ điều kiện mà không có nguyện vọng tuyển thẳng sẽ phải tham gia thi tuyển vào ngày 7/6 để dự tuyển vào lớp 10 THPT công lập.</p><p>Ngày 30/5, danh sách học sinh trúng tuyển diện tuyển thẳng vào lớp 10 của Hà Nội sẽ được Sở Giáo dục và Đào tạo công bố.&nbsp;Từ ngày 1 đến ngày 3/7, học sinh trúng tuyển thuộc diện này nộp hồ sơ nhập học tại trường THPT nơi các em đăng ký tuyển thẳng.</p><p>Năm học 2018-2019, Hà Nội có khoảng 105.000 học sinh xét tốt nghiệp THCS, tăng 22.000 so với năm trước. Trong đó, chỉ tiêu tuyển sinh vào THPT (gồm cả công lập và tư thục) khoảng 85.800 em. Tổng chỉ tiêu của 112 trường THPT công lập là 64.990, của ngoài công lập là 19.800, trung tâm giáo dục thường xuyên là 8.500. Số học sinh còn lại vào học các trường trung cấp chuyên nghiệp, dạy nghề.</p><p>Phương án tuyển sinh vào lớp 10 của Hà Nội là kết hợp xét tuyển và thi. Điểm xét tuyển là tổng của điểm THCS cộng với điểm thi hai môn Toán, Văn nhân hệ số 2, cộng điểm ưu tiên.</p><p>Thời gian thi vào lớp 10 công lập của thành phố là ngày 7/6.</p><p>Học sinh có nguyện vọng vào lớp 10 chuyên, sẽ thi chung kỳ thi tuyển sinh vào lớp 10 THPT công lập của thành phố. Sau đó, những em qua vòng sơ tuyển sẽ dự thi tiếp các môn chuyên, trong hai ngày 8-9/6.</p><p><strong>Quỳnh Trang</strong></p>', 'tauviensinghiencubien-15265685-5142-9034-1526571718.jpg', 0, NULL, 1, '2018-05-17 16:58:58', NULL),
(2, 'Dìm chết gấu mèo trước mặt học sinh, thầy giáo Mỹ bị đình chỉ', 'Dim-chet-gau-meo-truoc-mat-hoc-sinh', 'Hành động trừng phạt động vật hoang dã vì ăn thịt con gà cả lớp nuôi dưỡng khiến thầy giáo bị chỉ trích nặng nề. ', '<p>Trường trung học&nbsp;Forest (thành phố Ocala, bang Florida, Mỹ) đang điều tra việc một giáo viên bị cáo buộc dìm chết động vật hoang dã trong thùng rác chứa nước trước sự theo dõi của học sinh, <i>CBS News </i>đưa tinngày 16/5.</p><p>Một bà mẹ giấu tên cho biết con trai tham gia lớp học nông nghiệp hôm thứ hai, vô tình chứng kiến cảnh hai con gấu mèo và một con chồn Opossum bị giết hại. \"Điều đó khiến tôi buồn nôn\", bà nói.&nbsp;</p><p>Theo người phụ nữ này, sự việc bắt đầu khi một con gấu mèo ăn thịt một con gà mà các học sinh đang nuôi dưỡng. Thầy giáo đã bắt được hai con gấu mèo, đem nhốt vào lồng, đổ đầy nước vào thùng rác, dìm cả lồng xuống đó với sự hỗ trợ của một số em. Con trai bà đã trở về nhà trong nước mắt.&nbsp;</p><p>Một con chồn bị tìm thấy sau đó cũng chịu chung số phận. Hình ảnh và video được quay bởi học sinh khiến dư luận bức xúc.&nbsp;</p><p>Thầy giáo nông nghiệp bị đình chỉ từ thứ ba để phục vụ điều tra. \"Ngay cả khi giáo viên không phạm pháp, việc thực hiện trước mặt học sinh chắc chắn có vấn đề\", phát ngôn viên của khu học chánh quận Marion tuyên bố.&nbsp;</p><p>Ủy ban bảo tồn động vật hoang dã và cá Florida đang xem xét cách những con gấu mèo bị giết chết, sau đó trình lên cho văn phòng luật tiểu bang để xác định hướng giải quyết.&nbsp;</p><p><strong>Thùy Linh</strong></p>', 'thay-giao-My-bi-dinh-chi-5212-1526520803.jpg', 1, NULL, 1, '2018-05-17 17:00:32', NULL),
(3, 'Thử sức với bài toán thú vị từ cuộc thi ở Singapore', 'thu-suc-voi-bai-toan-thu-vi-o-cuoc-thi', 'SIMOC (Singapore International Math Olympiad Challenge) là cuộc thi toán quốc tế dành cho học sinh từ lớp 2 đến lớp 10.', '<p>Cuộc thi do Trung tâm các cuộc thi toán quốc tế Singapore tổ chức, được khởi đầu từ năm 2015 và được coi là phiên bản quốc tế của cuộc thi SASMO (Singapore and Asian Schools Math Olympiad). SIMOC diễn ra vào tháng 7 hàng năm bao gồm các cuộc thi giải toán cá nhân và thi đấu đồng đội ở môn Chiến binh toán học và Thể thao trí tuệ.</p><p>Xin giới thiệu với bạn đọc một bài toán thú vị dành cho học sinh lớp 5.</p><p>Richard chơi một trò chơi số trong đó cậu sẽ làm các phép tính được nêu rõ trong các tấm bìa. Có 6 tấm bìa khác nhau là \"- 2\", \"+ 2\", \"× 2\", \"÷ 2\", \"+ 3\", \"× 3\".</p><p>Nếu Richard bắt đầu từ số 10 thì có thể thu được số lớn nhất là số nào, nếu mỗi tấm bìa được sử dụng đúng một lần?</p><p><strong>TS Trần Nam Dũng</strong><i>Đại học Khoa học Tự nhiên (Đại học Quốc gia TP HCM)</i></p>', 'cac-con-so-3838-1526465809.jpg', 1, NULL, 1, '2018-05-17 17:01:51', NULL),
(4, 'Trại hè Truyền động lực tại Trung tâm Anh ngữ RES', ' trai-he-truyen-dong-luc-tai-trung-tam', 'Trại hè dành cho trẻ 5-15 tuổi được thiết kế dựa trên bản quyền chương trình Truyền động lực của tỷ phú Antony Robin, Mỹ.', '<p>Tiếp nối sự thành công của trại hè năm 2017, năm nay, Trung tâm Anh ngữ RES triển khai xây dựng chương trình trại hè với 4 mục tiêu quan trọng dành học sinh 5-15 tuổi, đó là Tăng cường thể lực, Nâng cao trí lực, Hoàn thiện nhân cách và Xây dựng ước mơ.</p><p>Bốn mục tiêu này&nbsp;được thiết kế dựa trên bản quyền chương trình truyền động lực của tỷ phú Antony Robin - Mỹ trị giá 10.000 USD một tuần,&nbsp;giúp học viên thành công trong học tập và trưởng thành hơn trong tương lai.&nbsp;</p><p><strong>ăng cường thể lực - Nâng cao trí lực</strong></p><p>Với hai mục tiêu này, trẻ sẽ được tập hát những bài như Cheri Cheri Lady, Children... và ghi âm với ca sĩ nổi tiếng Ulrich Wagner, ban nhạc SMU.</p><p>Ngoài ra, các em còn tham gia trải nghiệm diễn kịch Romeo và Juliet; tìm hiểu kiến thức về lịch sử, văn hóa, con người của một đất nước như Nhật Bản, Đức, Mỹ;&nbsp;học nhảy Jumba, Chachacha, Flashmob, vận động với bóng đá, cầu lông, bóng chuyền...</p><p>Các trò chơi trí tuệ và đồng đội có thể kể đến lắp ghép Robots, học làm bánh, nghe nhạc đoán tên bài hát và ca sĩ, giúp trẻ tăng cường thể lực cũng như nâng cao trí lực.</p><p><strong>Hoàn thiện nhân cách - xây dựng ước mơ</strong></p><p>Trẻ sẽ được học các câu chuyện ngụ ngôn tiếng anh như Chú kiến chăm chỉ, Con đại bàng, Thỏ và rùa. Những câu chuyện này sẽ giúp học viên thêm chăm chỉ, trung thực, làm việc có kế hoạch, yêu thương động vật, quý mến bạn bè, kính trọng cha mẹ…</p><p>Ngoài ra, mỗi khóa học các em được tìm hiểu chuyên sâu về &nbsp;4 - 10 nhân vật vĩ đại trên thế giới như nhà bác học Marie Quirie, nhà phát minh Newton, Washington - tổng thống đầu tiên của nước Mỹ, vị tướng tài ba Napoleon, ngôi sao Justin Bieber, Selena… Từ đó, các con sẽ có ước mơ, phấn đấu để một ngày nào đó sẽ thành công và đóng góp cho đất nước và thế giới giống như những nhân vật lịch sử.</p><p>Những câu chuyện truyền cảm hứng từ các nhân vật vĩ đại và&nbsp;tìm hiểu nền giáo dục tiên tiến nhất trên thế giới&nbsp;cũng sẽ được chia sẻ với học viên, đơn cử Lý Quang Diệu - người đưa Singapore hóa rồng; Abraham Lincoln - vị tổng thống vĩ đại nhất nước Mỹ; Shakespeare - nhà viết kịch vĩ đại thế giới; học bổng các trường Đại học danh tiếng: Cambridge, Oxford, Harvard…</p><p>Học viên tham gia trại hè sẽ có&nbsp;xe ô tô hỗ trợ đưa đón miễn phí.&nbsp;Mỗi học sinh được tặng 3 áo đồng phục RES và một balo RES.&nbsp;Mỗi ngày sẽ có một bữa ăn trưa và một bữa ăn chiều nhẹ.&nbsp;Mỗi tuần 2 buổi các con sẽ được tham gia hoạt động thể thao, âm nhạc, nhảy ngoài trời.&nbsp;</p><p>Theo chia sẻ của đại diện RES, trại hè tiếng Anh là nơi các con trải nghiệm một môi trường học tập năng động, hiện đại với mục tiêu lấy người học là trung tâm. Các thầy cô &nbsp;luôn quan tâm đến tính cách và tư duy ngôn ngữ của trẻ, truyền tải những kiến thức thiết thực và bổ ích phù hợp với mọi lứa tuổi.</p><p>Toàn bộ giáo viên của RES đều là người nói tiếng Anh bản ngữ có chứng chỉ giảng dạy đạt tiêu chuẩn cao. Điều thiết thực mà họ mang lại là cách thức phát âm chuẩn xác và tự nhiên như trong môi trường quốc tế, tạo sự tự tin cho trẻ khi giao tiếp với người nước ngoài.&nbsp;</p><p>\"Chúng tôi mong muốn sự thích thú học tiếng Anh không chỉ dừng lại ở trên những trang giấy, những kiến thức được truyền tải, mà các con sẽ được truyền cảm hứng về trải nghiệm kết hợp học và chơi, về sự định hướng du học và phát triển phù hợp theo mô hình giáo dục quốc tế\", đại diện RES cho biết thêm.</p><p><strong>Thế Đan</strong></p>', 'he1-8092-1526526316.jpg', 1, NULL, 1, '2018-05-17 17:05:38', '2018-05-17 17:16:49'),
(5, 'Trường lún nứt, hơn 400 học sinh phải về học phòng cũ', 'truong-lun-nut-hon-400', 'Sau 7 năm xây dựng, dãy nhà hai tầng của trường Tiểu học Hợp Lý (Thanh Hóa) bị sụt lún, xuất hiện nhiều vết nứt gãy.', '<p>UBND huyện Triệu Sơn (Thanh Hóa) vừa chỉ đạo niêm phong khu nhà hai tầng của Trường Tiểu học Hợp Lý để tránh xảy ra tai nạn.&nbsp;</p><p>Năm 2010, trường Hợp Lý được đầu tư gần hai tỷ đồng để xây khu nhà hai tầng với 8 phòng học nhằm thay thế cho dãy nhà cấp bốn xuống cấp. Tháng 5/2011, công trình đưa vào sử dụng. Tuy nhiên, chỉ một năm sau, khu nhà mới xuất hiện nhiều vết nứt dạng chân chim. Nhà thầu sau đó trám vá các vết nứt.&nbsp;</p><p>Khoảng hai tháng gần đây, hiện tượng sụt lún, nứt gãy xuất hiện. Nhiều mảng tường, trần nhà bong tróc mạnh, các giằng ngang giữa tầng một và tầng hai nứt gãy kéo dài. UBND xã Hợp Lý đã thuê thợ trám vá song không thể khắc phục.</p><p>Lo sợ ảnh hưởng đến thầy trò, Hội phụ huynh đã kiến nghị nhà trường không cho học sinh vào học trong khu nhà hai tầng.</p><p>Cô Vũ Thị Hồng, Phó hiệu trưởng trường Hợp Lý, cho biết trường có 14 lớp với 425 học sinh. Từ ngày 27/4, nhà trường không cho các cháu học trong khu nhà hai tầng do không đảm bảo an toàn. Trường phải chuyển về hai dãy nhà cấp bốn cũ được xây hơn 30 năm trước và bố trí học hai buổi một ngày.</p><p>UBND huyện Triệu Sơn và đại diện nhà thầu thi công sau cuộc kiểm tra ngày 14/5 xác định, trường Hợp Lý có nhiều vết nứt mới từ tầng hai xuống tầng một, rộng 1,5-2 cm. Lý do là quá trình thi công tỉnh lộ 514 (nằm cạnh trường), nhà thầu đã sử dụng nhiều máy lu, lèn gây rung lắc... dẫn đến công trình bị lún nứt.</p><p><strong>Lê Hoàng</strong></p>', 'Nut-tran-2-8340-1526460348.jpg', 0, NULL, 1, '2018-05-17 17:14:30', NULL),
(6, 'Cô giáo nghỉ việc sau nghi vấn đánh trẻ gây liệt dây thần kinh', 'co-giao-ngi-viec-sau-nghi-van-danh-tre', 'UBND huyện Nga Sơn (Thanh Hóa) yêu cầu cơ quan công an xác minh có hay không hành vi bạo hành trẻ em của cô giáo Thanh.', '<p>Ngày 16/5, ông Trần Ngọc Quyết, Chủ tịch huyện Nga Sơn (Thanh Hóa), cho biết đã yêu cầu Trường Mầm non xã Nga Hải cho cô Mai Thị Thanh tạm nghỉ việc. Nữ giáo viên đang bị xem xét hành vi đánh bé Hải Yến (3 tuổi) khiến trẻ liệt dây thần kinh số 7, méo miệng, phải nhập viện.</p><p>\"Chúng tôi quyết định cho cô Thanh nghỉ ít hôm để cùng chăm sóc bé vì gia đình neo người\", ông Quyết nói. Gia đình cô Thanh và bé Hải Yến đều khó khăn. Mẹ bé đang nằm viện vì ung thư. Cô giáo Thanh có một con chậm phát triển.&nbsp;</p><p>Liên quan sự việc, UBND huyện Nga Sơn yêu cầu cơ quan công an xác minh có hay không hành vi bạo hành trẻ em của cô Thanh. \"Chúng tôi sẽ làm rõ để tránh oan sai\", ông Quyết nói.</p><p>Cô Thanh đã có bản tường trình gửi nhà trường và Phòng Giáo dục. Trong đơn, cô thừa nhận vỗ nhẹ vào vai Hải Yến khi bé đùa nghịch cùng các bạn. Điều này trùng với nội dung cô giáo trao đổi với gia đình trước đó.</p><p>Ông Phạm Đức Anh, Trưởng phòng Giáo dục và Đào tạo huyện Nga Sơn, cho hay đã trao đổi với Bệnh viện Đa khoa huyện Nga Sơn. Các bác sĩ thông tin, qua chụp chiếu không thấy có dấu vết bất thường trên cơ thể bé Hải Yến. Phía bệnh viện cho rằng, có nhiều nguyên nhân dẫn đến méo miệng, trong đó có cả yếu tố thời tiết. Bác sĩ châm cứu điều trị, bệnh nhân sẽ khỏi sau vài tuần.</p><p>Trưởng phòng Đức Anh nhận định, dù hành động của cô Thanh có phải là nguyên nhân dẫn đến cháu bé bị co giật, méo miệng hay không thì việc vỗ vai khi trẻ đùa nghịch là không nên.</p><p>Trước đó, gia đình anh Nguyễn Duy Tân (26 tuổi, ở xã Nga Hải, huyện Nga Sơn) gửi đơn yêu cầu cơ quan chức năng làm rõ dấu hiệu bạo hành của cô Mai Thị Thanh khiến con gái bị liệt dây thần kinh số 7, dẫn đến méo miệng.</p><p>Theo anh Tân, sau buổi học hôm 3/5 ở Trường Mầm non Nga Hải, bé Hải Yến kêu đau vùng gáy, hay quấy khóc và sợ đến trường. Bà nội gặng hỏi thì bé kể bị cô giáo đánh.&nbsp;Gia đình đến trường hỏi cô Thanh, cô thừa nhận do Yến nghịch nên đánh vào người. Do không thấy vết sưng và thương tích bất thường nên phụ huynh đưa con về mà không có ý kiến thêm.</p><p>Ba ngày sau, bố mẹ thấy con gái vẫn kêu đau và có biểu hiện méo miệng, co giật nên đưa đến Bệnh viện Đa khoa huyện Nga Sơn kiểm tra. Bác sĩ kết luận, bệnh nhi bị liệt dây thần kinh số 7 do tác động ngoại lực. Miệng cháu bị méo nên đang được châm cứu điều trị tại bệnh viện.</p><p>Nữ giáo viên và lãnh đạo nhà trường đã đến xin lỗi gia đình bé gái.</p><p><strong>Lam Sơn</strong></p>', 'truong-nga-hai-5454-1526459919.jpg', 0, NULL, 1, '2018-05-17 17:16:03', NULL),
(7, 'Phụ huynh Sài Gòn cùng học sinh chạy đua vào lớp 10 công lập', 'phu-huynh-sai-gon-cung-chay-dua-vao-lop-10', 'Phụ huynh mạnh tay chi tiền, tìm lớp luyện thi cho con. Thí sinh học miệt mài từ sáng đến khuya, chuẩn bị cho kỳ thi vào lớp 10 công lập. ', '<p>Đầu tháng 5, bà Phan Thị Nguyệt (phường Thạnh Mỹ Lợi, quận 2) tìm một gia sư sinh viên kèm cấp tốc môn Toán cho con trai đang học lớp 9 trường THCS Nguyễn Thị Định. Năm nay Tuấn, con trai bà, chọn nguyện vọng 1 vào lớp 10 trường THPT Ernst Thälmann (quận 1), hai nguyện vọng còn lại ở trường gần nhà là THPT Thủ Thiêm và Giồng Ông Tố.</p><p>Tuấn 9 năm liền học lực giỏi, nhưng trường nguyện vọng 1 có tỷ lệ một chọi gần 1,7 nên người mẹ nơm nớp. \"Việc học là từ đầu năm chứ bây giờ mới ôn thì sao kịp. Tôi cho cháu học với gia sư là để chạy nước rút, vá lỗ hổng và rèn bài tập khó may ra mới cạnh tranh được với người ta\", bà Nguyệt chia sẻ.</p><p>Tương tự bà Nguyệt, để chuẩn bị cho kỳ thi lớp 10 diễn ra ngày 2-3/6, nhiều phụ huynh ở thành phố cho con học thêm tại các trung tâm luyện thi, điểm học thêm hoặc thuê gia sư kèm tại nhà.&nbsp;</p><p>\"Kỳ thi vào lớp 10 chẳng thua vào đại học là mấy, thậm chí khó hơn. Nhiều trường một chọi 3-4\", ông Nguyễn Quốc Anh (phụ huynh học sinh trường THCS Hiệp Bình, quận Thủ Đức) chia sẻ.&nbsp;Liên tục cập nhật thông tin số lượng thí sinh đăng ký dự thi lớp 10, đến ngày Sở Giáo dục và Đào tạo TP HCM công bố, ông khuyên con điều chỉnh nguyện vọng, chuyển sang trường có điểm đầu vào thấp.</p><p>Ban đầu con gái ông đăng ký nguyện vọng 1 vào trường THPT Nguyễn Hữu Huân để học gần nhà, hai nguyện vọng tiếp theo vào THPT Hiệp Bình và Đào Sơn Tây cùng ở quận Thủ Đức. Song, khi thấy tỷ lệ chọi trường Nguyễn Hữu Huân năm nay cao (gần 1 chọi 3), nữ sinh chuyển qua THPT Lê Quý Đôn với tỷ lệ chọi thấp hơn.</p><p>Theo ông Quốc Anh, lịch học trong tuần của con gái rất dày, chỉ trống mỗi chiều chủ nhật để \"xả hơi\". \"Học ở trường cả ngày, đến tối con sẽ ôn ở lớp học thêm, hôm nào không học thêm thì tự học ở nhà và bữa nào cũng 23h mới ngủ\", ông kể. Vì đã vào nếp nên nữ sinh tự giác học, không đợi ba mẹ nhắc nhở.</p><p>Nhiều học sinh lực học trung bình khá, dù chọn trường tốp dưới có tỷ lệ chọi thấp để rộng cửa, song phụ huynh vẫn không yên tâm, muốn con luyện thi. \"Mỗi môn luyện thi cấp tốc chừng 500 đến 700 nghìn đồng một tháng, nơi nào uy tín&nbsp; cao hơn chút ít. Dù khó thì cũng ráng cho con đi học, vào được trường công thì học phí cũng đỡ hơn\", một phụ huynh là công nhân ở Khu chế xuất Linh Trung (quận Thủ Đức) cho biết.</p><p><strong>Học sinh chịu nhiều áp lực</strong></p><p>Xuân Hương (học sinh lớp 9 một trường THCS ở quận 1) được cha mẹ giao \"chỉ tiêu\" vào trường THPT Trưng Vương. \"Từ học kỳ hai đến nay, hình như em không có ngày nghỉ. Gần đến ngày thi càng căng thẳng, dù ôn rất kỹ vẫn lo mình thiếu sót, vào phòng thi không làm được thì thua bạn\", Hương thổ lộ.</p><p>Ban ngày học hai buổi ở trường, tan học nữ sinh chỉ kịp tạt vào quán ven đường ăn hủ tiếu, sau đó bắt xe ôm đến trung tâm bồi dưỡng văn hóa cách đó không xa ôn Toán, Anh văn. Đến tối, ba đến đón về, em chỉ kịp ăn qua loa, tắm rửa rồi vào học bài đến khuya.</p><p>Trong khi đó, Anh Tú (học sinh THCS Phan Văn Trị, Gò Vấp) tỏ ra hụt hẫng khi cuối học kỳ hai mới biết chế độ cộng điểm khuyến khích cho cá nhân đạt giải kỳ thi học sinh giỏi các cấp bị bỏ. \"Nếu vẫn được cộng như mọi năm thì em có chút vốn để cạnh tranh thi vô trường Mạc Đĩnh Chi, bây giờ không còn phải cố gắng hơn\", Tú nói và cho biết gần một tháng nay gần như \"vắt chân lên cổ\" học.</p><p>Khác với bạn bè, Tú ít học thêm, chỉ phụ đạo thêm môn Văn và tự ôn ở nhà. Tú thường giải Toán nâng cao và làm các bộ đề tiếng Anh trên mạng. \"Học riết rồi quen, dạng bài tập nào em chỉ cần đọc đề là biết cách làm. Nhưng em vẫn lo vì đề Toán năm nay đổi mới, nhiều câu hỏi liên quan môn Lý, Hóa và suy luận nữa\", nam sinh cho biết.</p><p>Với áp lực học hành, nhiều học sinh chia sẻ lúc nào cũng bị căng cứng người, đầu óc mụ mị với bài tập. Trong cặp sách của nhiều em luôn có sẵn các cuốn tài liệu ôn luyện để khi rảnh rỗi là mang ra học.</p><p><strong>Giáo viên \"đua\" cùng học sinh</strong></p><p>Một nữ giáo viên chủ nhiệm lớp 9 ở quận Gò Vấp cho biết, Văn và Toán là hai môn được thầy cô ráo riết ôn luyện cho học sinh. Văn không nhiều thay đổi song môn Toán với hình thức khác xa mọi năm nên việc ôn bài mất nhiều thời gian.</p><p>\"Áp lực từ trường, từ phụ huynh và cũng từ chính mình với mong muốn học trò đậu được trường tốt nên giáo viên chúng tôi mùa này vất vả lắm, nhất là gần ngày thi\", cô chia sẻ.</p><p>Thầy Hà Văn Vy (Hiệu trưởng THCS - THPT Phan Châu Trinh, quận Bình Tân) cho biết, trường chỉ có ít học sinh lớp 9 đăng ký thi tuyển sinh lớp 10 bởi phần lớn có nguyện vọng học tiếp cấp ba tại đây. Song, từ đầu tháng 4, trường cũng tổ chức các lớp ôn tập riêng cho các em để củng cố kiến thức, làm quen với dạng bài tập tuyển sinh lớp 10.</p><p>\"Nhà trường không tạo không khí căng thẳng nhưng phụ huynh kỳ vọng, học sinh cũng muốn vào trường tốt nên nhiều em học miệt mài\", thầy cho biết.</p><p>Lãnh đạo một trường THCS ở quận Bình Thạnh cho rằng, cuộc đua vào lớp 10 công lập ở TP HCM căng thẳng hơn nhiều năm khi số thí sinh tăng mạnh trong khi chỉ tiêu gần như không đổi. Chủ trương của thành phố là tỷ lệ tuyển sinh vào trường công lập sẽ giảm khoảng 3% mỗi năm để phân luồng sang trung tâm giáo dục thường xuyên và trường nghề nên cuộc đua thêm gay gắt.</p><p>Trước lúc đăng ký nguyện vọng, trường đã có nhiều buổi tư vấn cho phụ huynh, định hướng phân luồng để học sinh chọn đúng trường, phù hợp với năng lực,&nbsp; nhưng trường THPT công lập vẫn là lựa chọn của phần lớn phụ huynh. \"Khi cha mẹ các em đã chọn thì trường ít nhiều cũng tham gia vào cuộc cạnh tranh này để học trò mình có kết quả tốt\", ông cho biết.</p><figure class=\"image\"><img src=\"https://i-vnexpress.vnecdn.net/2018/05/16/lich-thi10-9344-1524724195-1-1-8213-8280-1526439218.jpg\" alt=\"Lịch thi tuyển sinh lớp 10 năm 2018 tại TP HCM.\"></figure><p>Lịch thi tuyển sinh lớp 10 năm 2018 tại TP HCM.</p><p>Theo số liệu nguyện vọng do Sở Giáo dục và Đào tạo TP HCM công bố, năm nay thành phố có gần 90.000 học sinh đăng ký thi vào lớp 10. Trong khi đó, tổng chỉ tiêu 103 trường THPT công lập là 67.000 nên sau kỳ thi này, hơn 22.000 thí sinh sẽ không trúng tuyển.</p><p>Nhiều trường THPT có tỷ lệ chọi tăng so với năm ngoái nên dự báo điểm chuẩn sẽ biến động. Một số trường có tỷ lệ chọi cao và tăng so với năm trước là THPT Trưng Vương, Nguyễn Thị Minh Khai, Gia Định, Nguyễn Thượng Hiền, Ngô Quyền, Lê Trọng Tấn, Mạc Đĩnh Chi.</p><p><strong>Mạnh Tùng</strong></p>', 'hoc-sinh-thi-lop-10-1945-1526439218.jpg', 0, NULL, 1, '2018-05-17 17:18:57', NULL),
(8, 'Lê Hoàn, tướng nhà Đinh thành vua nước Đại Cồ Việt', 'le-hoan-tuong-nha-dinh-thanh-vua-nuoc-dai-co-viet', 'Có công lớn chống quân Tống và thúc đẩy nền nông nghiệp phát triển, vua Lê Đại Hành vẫn bị sử gia xưa chê trách vì chuyện gia đình.', '<p>Lễ kỷ niệm 1050 năm nước Đại Cồ Việt vừa diễn ra ở Ninh Bình. Quốc hiệu này của Việt Nam tồn tại 86 năm, kể từ khi Đinh Bộ Lĩnh lên ngôi năm 968 đến khi vua Lý Thánh Tông đặt ra quốc hiệu Đại Việt năm 1054, trải qua thời nhà Đinh, Tiền Lê và đầu thời Lý. Một trong những người gắn cả cuộc đời với sự tồn tại và phát triển của nước Đại Cồ Việt là Lê Hoàn.</p><p><strong>Tướng giỏi của nhà Đinh mở đầu triều đại Tiền Lê</strong></p><p>Lê Hoàn sinh năm 941. Có nhiều thảo luận về quê hương của ông, tuy nhiên kết luận cuối cùng chưa được đưa ra. Theo <i>Đại Việt sử ký toàn thư</i>, Lê Hoàn người Ái Châu (Thanh Hóa ngày nay). Sớm mồ côi cha mẹ, ông được người họ Lê ở làng Mía (nay thuộc xã Xuân Tân, Thọ Xuân) nhận làm con nuôi. Khi đó, người này đã nhận xét Lê Hoàn \"Tư cách đứa trẻ này, người thường không sánh được\".</p><p>Đến tuổi trưởng thành, Lê Hoàn theo giúp Nam Việt vương Đinh Liễn. Tính tình phóng khoáng lại có chí lớn, ông được Đinh Bộ Lĩnh khen là \"người trí dũng, chắc thế nào cũng làm được việc, bèn giao cho cai quản một nghìn quân sĩ\".</p><p>Năm 968, Đinh Bộ Lĩnh lên ngôi vua, tức Đinh Tiên Hoàng, đặt quốc hiệu là Đại Cồ Việt. Đến năm 971, vua Đinh Tiên Hoàng bắt đầu quy định cấp bậc văn võ, tăng đạo. Lúc này, Lê Hoàn được làm Thập đạo tướng quân.</p><p>Năm 979, vua Đinh Tiên Hoàng và Nam Việt vương Đinh Liễn bị sát hại, Đinh Toàn khi đó mới 6 tuổi lên nối ngôi.&nbsp;Theo <i>Lịch sử Việt Nam</i>, Thập đạo tướng quân Lê Hoàn được cử làm nhiếp chính đảm đương việc nước, xưng là Phó Vương và trực tiếp dẹp tan những lực lượng chống đối trong nội bộ triều đình.</p><p>Dẹp được hiểm họa nội bộ nhưng đất nước lại đứng trước họa xâm lăng mới từ phương Bắc. Tháng 6/980, Tri Ung Châu của nhà Tống là Hầu Nhân Bảo dâng thư khuyên vua Tống lựa thời cơ nước Nam đang rối ren, vua còn nhỏ, đem quân chinh phạt. Vua Tống nghe theo. Trước tình hình đó, Lê Hoàn được quân sĩ và Dương Thái hậu đồng tình tôn lên ngôi vua thay Đinh Toàn.</p><p><i>Đại Việt sử ký toàn thư</i>&nbsp;ghi: \"Bấy giờ, Lạng Châu nghe tin quân Tống sắp kéo sang, liền làm tờ tâu báo về. Thái hậu sai Lê Hoàn chọn dũng sĩ đi đánh giặc, lấy người ở Nam Sách Giang là Phạm Cự Lạng làm đại tướng quân. Khi triều đình đang bàn kế hoạch xuất quân, Cự Lạng và các tướng quân khác đều mặc áo trận đi thẳng vào Nội phủ, nói rằng: <i>Thưởng người có công, giết kẻ trái lệnh là phép sáng để thi hành việc quân. Nay chúa thượng còn trẻ thơ, chúng ta dẫu hết sức liều chết để chặn giặc ngoài, may có chút công lao, thì có ai biết cho? Chi bằng trước hãy tôn lập ông Thập đạo làm Thiên tử, sau đó sẽ xuất quân thì hơn</i>. Quân sĩ nghe vậy đều hô&nbsp;<i>Vạn tuế.&nbsp;</i>Thái hậu thấy mọi người vui lòng quy phục bèn sai lấy áo long cổn khoác lên người Lê Hoàn, mời lên ngôi Hoàng đế\".</p><p>Tháng 7 năm Canh Thìn (980), Thập đạo tướng quân Lê Hoàn, khi ấy 39 tuổi, lên ngôi vua, tức vua Lê Đại Hành, mở đầu vương triều Tiền Lê.</p><p><strong>Gần bốn tháng chống quân Tống</strong></p><p>Sau khi lên ngôi, Lê Đại Hành, triều đình Hoa Lư và quân dân Đại Cồ Việt lập tức tổ chức kháng chiến chống sự xâm lược của nhà Tống. Nhưng vua Lê Đại Hành không vội vàng mang quân đi đánh ngay mà tìm cách hòa hoãn trước.</p><p>Lê Đại Hành đã hai lần sai sứ thần đem dâng sản vật, biểu cầu cho nhà Tống để xin phong vương cho Đinh Toàn nhưng những động thái này đều không được chấp nhận. Thực chất, những hành động ngoại giao của vua là nhằm tận dụng cơ hội, tránh cuộc chiến tranh và tranh thủ thời gian chuẩn bị lực lượng tiến hành một cuộc chiến đấu chống xâm lược, bảo vệ nền độc lập tự chủ của đất nước.</p><p>Cuối năm 980, 30.000 quân Tống theo hai đường thủy và bộ do Hầu Nhân Bảo và Lưu Trừng chỉ huy ồ ạt tiến vào xâm lược Đại Cồ Việt.&nbsp;Để chặn đứng quân địch, Lê Đại Hành bố trí lực lượng dọc theo tuyến sông Bạch Đằng, Kinh Thầy cho đến vùng Lục Đầu Giang, trong đó tập trung đông nhất ở cửa sông Bạch Đằng vì đây là cửa ngõ yết hầu từ phương Bắc vào. Vua trực tiếp chỉ huy quân sĩ đánh giặc.</p><p>Tận dụng sự chủ quan, ngạo mạn của quân xâm lược và chọn thời cơ tốt, vua Lê Đại Hành đã giết được tướng giặc là Hầu Nhân Bảo, đánh đuổi cánh quân thủy của nhà Tống, khiến cánh quân bộ hốt hoảng rút lui nhưng vẫn bị truy đuổi tiêu diệt. Kết quả, cuộc chiến đấu chống Tống thắng lợi chỉ sau chưa đầy 4 tháng, từ cuối năm Canh Thìn (980) đến cuối mùa xuân năm Tân Tỵ (981).</p><p><strong>Vị vua đầu tiên cày tịch điền</strong></p><p>Lê Đại Hành nổi tiếng là vua coi trọng phát triển nông nghiệp. Năm 987, vua tổ chức cày tịch điền để làm gương, khuyến khích nhân dân chăm lo sản xuất nông nghiệp.&nbsp;<i>Đại Việt sử ký toàn thư</i>&nbsp;ghi: \"Đinh Hợi, mùa xuân, vua bắt đầu cày ruộng tịch điền ở núi Đọi, được một chĩnh nhỏ vàng, lại cày ở núi Bàn Hải, được một chĩnh nhỏ bạc, vì thế đặt tên ruộng là Kim Ngân\".</p><p>Sách&nbsp;<i>Lịch sử Việt Nam&nbsp;</i>khẳng định vua Lê Đại Hành là hoàng đế đầu tiên mở đầu cho một nghi lễ \"tịch điền\" mà các vương triều sau tiếp tục noi theo để khuyến khích phát triển sản xuất nông nghiệp.</p><p>Ngoài cày tịch điền, vua còn cho đào vét kênh mương, sông ngòi để thuận lợi cho việc tưới tiêu. Điều này giúp nền sản xuất nông nghiệp thời Tiền Lê đạt được nhiều tiến bộ. Bên cạnh phát triển nông nghiệp, vua Lê Đại Hành cũng chú trọng các ngành kinh tế khác cùng lĩnh vực quân sự hay ngoại giao.</p><p><strong>Hai việc làm của vua bị sử gia xưa đánh giá không tốt</strong></p><p>Nhận xét Lê Đại Hành ngay đầu phần&nbsp;<i>Kỷ nhà Lê</i>, <i>Đại Việt sử ký toàn thư </i>viết: \"Vua trừ nội gian mà lấy được nước, đuổi giặc ngoài để yên dân, trong nước thanh bình, Bắc Nam vô sự. Tiếc rằng không sớm chọn con nối, khiến cho con cái tranh nhau bên trong, dẫn đến mất ngôi; về đạo vợ chồng có nhiều điều đáng thẹn\".</p><p>Về chuyện vợ chồng, vua Lê Đại Hành có 5 hoàng hậu, trong đó Đại Thắng Minh Hoàng hậu (Dương Vân Nga) được phong năm 982 là đặc biệt nhất. Bà là người duy nhất làm hoàng hậu hai triều, Đinh và Tiền Lê.</p><p>Việc Dương Vân Nga là thái hậu nhà Đinh, người tôn Lê Đại Hành lên làm vua, rồi lại trở thành hoàng hậu của vua Lê bị các nhà nho và sử gia trước đây lên án gay gắt. Sử thần Ngô Sĩ Liên bàn trong <i>Đại Việt sử ký toàn thư:</i>&nbsp;\"Đạo vợ chồng là đầu của nhân luân, dây mối của vương hóa. Hạ kinh của Kinh Dịch nêu quẻ Hàm và quẻ Hằng lên đầu là để tỏ cái ý lấy đàn bà tất phải chính đáng. Đại Hành thông dâm với vợ vua, đến chỗ nghiễm nhiên lập làm Hoàng hậu, mất cả lòng biết hổ thẹn. Đem cái thói ấy truyền cho đời sau, con mình bắt chước mà dâm dật đến nỗi mất nước, há chẳng phải là mở đầu mối họa đó sao\"?</p><p>Về việc chọn con nối ngôi, sau khi lập các hoàng hậu, Lê Đại Hành lần lượt phong vương cho 11 người con trai và một người con nuôi (ông còn một người con gái) và hầu hết được cử đi trấn ở các địa điểm quan trọng.</p><p>Theo nhận định của Ngô Thì Sĩ ghi trong<i>&nbsp;Đại Việt sử ký tiền biên</i>, việc làm trên của Lê Đại Hành \"có lẽ là theo lối ngày xưa, muốn nơi lớn nhỏ ràng buộc lẫn nhau, lúc nguy cấp thì cứu nhau, chống kẻ khinh rẻ mà giữ sự bền lâu, không thể thừa cơ dòm ngó\".</p><p>Tháng 3/1005, Lê Đại Hành qua đời, vương triều Tiền Lê lâm vào thế không ổn định. Long Việt, hoàng tử thứ ba được chọn là người kế vị. Hoàng tử thứ hai là Long Tích và hoàng tử thứ tư là Long Đinh nổi lên chống lại. Tình hình vô cùng rối loạn.&nbsp;<i>Đại Việt sử ký toàn thư</i>&nbsp;viết, các con vua \"tranh nhau lên ngôi, giằng co 8 tháng, trong nước không có chủ\".</p><p><strong>Dương Tâm - Tổng hợp</strong></p>', 'Le-Dai-Hanh-4965-1526284520.jpg', 0, NULL, 1, '2018-05-17 17:22:11', NULL),
(9, 'Trường Ấn Độ cắt tay áo thí sinh để chống gian lận thi cử', 'truong-an-do-cat-tay-ao-thi-sinh', 'Cách chống gian lận cực đoan dẫn đến các cuộc biểu tình ở nhiều nơi, nhà trường bị cấm tổ chức kỳ thi.', '<p>Theo <i>Guardian </i>ngày 14/5, một video phát sóng trên truyền hình Ấn Độ cho thấy nhân viên tại một đại học ở quận Muzaffarpur, bang Bihar&nbsp;sử dụng kéo và dao lam để cắt tay áo của nữ sinh, trước khi cho phép bước vào phòng thi điều dưỡng hôm chủ nhật. Nhiều em cầm ống tay áo bị cắt, trong khi hàng chục cảnh sát đứng canh gác bên ngoài.</p><p>Cách chống gian lận cực đoan dẫn đến các cuộc biểu tình ở nhiều điểm thi khác trên địa bàn và làm dậy sóng mạng xã hội.</p><p>Lalan Prasad Singh, viên chức giáo dục quận&nbsp;cho biết việc cắt tay áo nhằm bảo vệ các ứng viên, nhưng nói thêm rằng sự việc đang được điều tra để xác định người chịu trách nhiệm. \"Nhà trường đã bị cấm tổ chức thi\", ông trả lời báo chí khi đương đầu với sự phản đối kịch liệt từ công chúng.&nbsp;</p><p>Bang Bihar thường xuyên lên báo vì vấn nạn gian lận thi cử. Gần 1.000 học sinh đã bị chính quyền bang đuổi học đầu năm nay vì không nghiêm túc trong các kỳ thi ở trường.</p><p>Tháng 2/2016, các ứng viên vào quân đội chỉ mặc mỗi đồ lót để làm bài thi viết trong ngày tuyển sinh ở Muzaffarpur. Nhà chức trách cũng cấm sinh viên mang giày mỗi khi đi thi, khiến việc gian lận trở nên khó khăn hơn.&nbsp;</p><p><strong>Thùy Linh</strong>&nbsp;</p>', 'chong-gian-lan-thi-cu-8393-1526350394.jpg', 0, NULL, 1, '2018-05-17 17:26:57', NULL),
(10, 'Tiến sĩ Mỹ giới thiệu triết lý giáo dục 5H', 'tien-si-my-gioi-thieu-triet-ly-', 'Với triết lý 5H, học sinh sẽ được truyền cảm hứng để trau dồi giá trị đạo đức, trang bị kiến thức, kỹ năng trở thành công dân toàn cầu.', '<p>Theo Tiến sĩ Thomas Armstrong, Giám đốc điều hành Viện Nghiên cứu và Phát triển con người Mỹ đồng thời là tác giả của nhiều cuốn sách dạy con nổi tiếng thế giới, mỗi đứa trẻ ra đời đều có những tiềm năng riêng biệt. Nếu được nuôi dưỡng định hướng trong môi trường giáo dục thích hợp việc này sẽ ảnh hưởng không nhỏ đến thành công trong tương lai trẻ - chúng có thể góp phần làm cho thế giới tốt hơn. Đó là Triết lý giáo dục 5H là Head, Heart, Hand, Health và Human.&nbsp;</p><p>Trong đó, Head chỉ sự phát triển tối đa trí tuệ của trẻ ở khả năng tư duy tích cực, tư duy phản biện, khả năng lý luận, tìm hiểu và giải quyết vấn đề thông qua những phương pháp học tập hiện đại.</p><p>Heart xây dựng cho trẻ một nền tảng về cảm xúc như giàu nhiệt huyết, biết cảm thông, chia sẻ; biết kiềm chế, yêu thương và suy xét chín chắn; học cách tôn trọng, ứng xử tích cực với bản thân và người khác.</p><p>Hand là thường xuyên rèn luyện để có những thói quen tốt, hữu ích. Thói quen tốt hình thành nên tính cách, tích cách ảnh hưởng đến hành vi và hành vi tạo ra kết quả. Đây là nền tảng cơ bản để trẻ phát triển trí lực, thể lực và đạt nhiều thành công trong tương lai.</p><p>Health xây dựng nền tảng thể chất, phát triển chiều cao và tinh thần toàn diện, để trẻ không chỉ đẹp về trí tuệ, tâm hồn mà còn đẹp về ngoại hình</p><p>Triết lý 5H đang được áp dụng tại trường UK Academy.</p><p>Human: Bốn yếu tố trên tạo nên năng lực nhân văn hoàn thiện trong đời sống của trẻ. Đó là sự kết hợp dựa trên những giá trị sống của các nước châu Âu, điển hình là Pháp và Luxembourg với nền giáo dục, truyền thống và văn hóa của nước ta để tạo nên những người con Việt sánh ngang tầm quốc tế.</p><p>Triết lý 5H này đang được áp dụng tại trường UK Academy.&nbsp;\"Với triết lý 5H, các em học sinh của trường sẽ được truyền cảm hứng để học tập, trau dồi các giá trị đạo đức, trang bị những kiến thức, kỹ năng và rèn luyện sự tư tin để trở thành công dân toàn cầu\", ông Christian Routin, Tổng hiệu trưởng UKA cho biết.</p><p><strong>Chương trình học chuẩn quốc tế</strong></p><p>Song song với chương trình đào tạo quốc tế tiếng Anh chuẩn Cambridge &amp; dự bị đại học NCUK, học sinh tại Hệ thống trường Quốc tế Học viện Anh Quốc - UK Academy còn được đào tạo theo chương trình chuẩn của Bộ Giáo dục và Đào tạo.&nbsp;</p><p>Điểm khác biệt lớn là kiến thức này đã được hệ thống hoá bởi một nhóm chuyên gia theo hướng đi vào trọng tâm, nhằm giảm tải chương trình học, giảm bớt áp lực cho học sinh, đảm bảo đầu ra cho các em. \"Đây là phương pháp dạy và học theo hướng cá thể hóa và phát triển tư duy qua các hoạt động học tập trãi nghiệm sinh động\", đại diện trường cho biết.</p><p>Các lớp kỹ năng sống tại trường được lồng vào những lớp học âm nhạc, nghệ thuật, kiến tạo doanh nhân… Chương trình này mang lại những giá trị tinh thần tốt đẹp, làm mở mang tâm hồn của các em, góp phần giúp trẻ trở thành những con người toàn vẹn tâm - trí - thể - mỹ.</p><p>Còn chương trình <i>Kiến tạo doanh nhân trẻ</i> của tổ chức Junior Achievement (JA) lại mang tính hệ thống toàn cầu hóa, giúp học sinh phát triển sự tự tin, tính tự lập, tinh thần trách nhiệm với bản thân và cộng đồng. 3 mảng chính của chương trình này là tư duy tài chính, hướng nghiệp và khởi nghiệp (lập kế hoạch tài chính cho tương lai, kỹ năng quản lý rủi ro, kỹ năng lựa chọn và ra quyết định).</p><p><strong>Thế Đan</strong></p>', 'bai-1-4940-1526352568.jpg', 0, NULL, 1, '2018-05-17 17:29:52', NULL),
(11, 'Chia sẻ của phụ huynh và thầy cô về trại hè Anh ngữ VAS', 'chia-se-cua-phu-huynh-v-thay-co', '\"Sau khi tham gia trại hè, con có nhiều bạn hơn và giao tiếp tự tin với giáo viên nước ngoài\", phụ huynh Phạm Đình Phương chia sẻ.', '<p>Theo kết quả khảo sát của VAS, mỗi năm Hệ thống Trường Quốc tế Việt Úc (VAS) thu hút hơn 2.000 học sinh tham gia trại hè và hơn 95% phụ huynh, học sinh mong chờ tiếp tục tham gia trong mùa hè tới.</p><p>Chị Bùi Thị Cẩm Hồng, phụ huynh học sinh Nguyễn Bùi Minh Quân, lớp 7 và Nguyễn Bùi Phương Nghi, lớp một, cơ sở Garden Hills VAS cho biết, xã hội hiện tại là xã hội của công nghệ, nếu không tham gia trại hè, các con sẽ chẳng biết làm gì ngoài việc xem iPad, iPhone hoặc xem tivi cả ngày. Như vậy trẻ sẽ hạn chế trong việc phát triển thể chất và các kỹ năng khác.</p><p>\"Hai bé nhà tôi đều học ở VAS. Trong suốt 8 giờ ở trường, con luôn được dùng tiếng Anh. Đây là mục đích đầu tiên của tôi khi chọn trường và đến bây giờ tôi khá hài lòng về lựa chọn này\", chị Cẩm Hồng chia sẻ.</p><p>Một phụ huynh khác đã có 6 năm gắn bó cùng VAS, anh Phạm Đình Phương cho biết: \"Hầu như năm nào tôi cũng cho con học hè tại trường. Bé rất hứng thú khi được học thêm các môn năng khiếu mới như nấu ăn, nhảy múa, chơi nhạc cụ và được biểu diễn trên sân khấu của hội chợ hè. Qua các hoạt động trên, tôi thấy con phát triển nhân cách tốt, có nhiều bạn từ các lớp khác nhau và giao tiếp tự tin với giáo viên nước ngoài\".</p><p>Con gái anh Đình Phương là bé Phạm Vũ Bảo Khanh (lớp 4, cơ sở Sunrise VAS) đã có 5 năm liên tiếp tham gia khóa hè VAS, kể từ khi bé học mầm non.</p><p>Năm nay, ngoài hai môn năng khiếu quen thuộc là âm nhạc và hội họa, trại hè Anh ngữ VAS 2018 còn bổ sung thêm môn STEM, bao gồm Khoa học, Kỹ thuật, Tiếng Anh và Toán, dành cho học sinh từ lớp 6 đến lớp 8.</p><p>Tham gia trại hè, các em sẽ học các dự án lắp ráp robot, thiết kế chương trình và giám sát hoạt động của robot. Ngoài ra, học sinh còn được phát triển thể chất, thực hành tiếng Anh, rèn luyện kỹ năng sống ở môi trường ngoài lớp học và tham gia các chuyến cắm trại, dã ngoại lý thú với bạn bè.</p><p>\"Việc lồng ghép nhẹ nhàng các hoạt động vừa học vừa chơi ở trại hè sẽ giúp trẻ củng cố kiến thức và chuẩn bị tâm thế để bước vào năm học mới, đặc biệt đối là với các học sinh mong muốn học chương trình giáo dục phổ thông quốc tế Cambridge (CAP)\",&nbsp;thầy Danial Thomas Hogg, Trưởng chương trình hè và hoạt động ngoại khóa tại VAS cho biết.</p><p>Cô Tuyet Nadia Sahira Ramzy, điều phối nhóm chương trình Tiểu học VAS cũng chia sẻ: \"Nhiều học sinh sau khi tham gia trại hè đã vượt qua bài kiểm tra tiếng Anh đầu vào để theo học chương trình giáo dục phổ thông quốc tế Cambridge CAP. Ngoài ra, môi trường này còn giúp các em nâng cao kiến thức xã hội. Trẻ học tập lẫn nhau, học tập từ thầy cô, từ các phương tiện khác và thành thạo hơn khi giao tiếp, sử dụng ngoại ngữ\".</p><p><strong>Thế Đan</strong></p>', 'ba1-9686-1526004672.jpg', 0, NULL, 1, '2018-05-17 17:31:39', NULL),
(12, 'Người lạ tốt bụng trên chuyến bay ở Mỹ', 'nguoi-la-tot-bung-o', 'Khi nữ hành khách bắt đầu run rẩy và bật khóc vì bị xúc phạm, một người đàn ông đã vỗ nhẹ vai cô và yêu cầu chuyển chỗ.', '<p>Savannah Phillips là một hành khách trên chuyến bay của hãng United Airlines trong hành trình từ&nbsp;Oklahoma tới Illinois, Mỹ vào ngày 15/5. Trong bài đăng trên Facebook cá nhân, Savannah cho biết cô ngồi cạnh một người đàn ông 60 tuổi - người đã khiến cô trải qua những giây phút tổn thương không bao giờ muốn nhớ lại, <i>News</i> đưa tin ngày 17/5.</p><p>Khi ngồi cạnh nữ hành khách trẻ, người đàn ông bắt đầu sử dụng điện thoại và nhắn tin cho bạn bè. Do điện thoại của người này chỉ cách tầm nhìn của Savannah 30 cm và dùng phông chữ to, toàn bộ nội dung tin nhắn đều lọt vào mắt cô gái. Trong đó, người đàn ông kể với bạn rằng anh ta ngồi cạnh một cô gái béo.</p><p>Những dòng chữ khiến Savannah bị sốc. Đó cũng là điều mà cô thường nghĩ một cách tiêu cực về bản thân mình hàng ngày. Bất giác, cô gái trẻ rơi nước mắt. Trong lúc đợi máy bay cất cánh, Savannah ngồi lặng lẽ khóc và hy vọng người đàn ông sẽ không nói điều gì quá đáng, vì nếu sự việc xảy ra cô sẽ không kiềm chế được hành động của mình.&nbsp;</p><p>\"Tôi đã rất đau đớn. Tôi không phải là người béo nhất trên máy bay, nhưng cũng không phải người gầy nhất. Vì mình mà người ngồi cạnh không cảm thấy thoải mái là một điều giống như ác mộng vậy\", cô gái trẻ chia sẻ.</p><p>Khi nhận được thông báo chuyến bay sẽ bị hoãn thêm ít phút, Savannah càng thêm tuyệt vọng và tiếp tục khóc trong im lặng. Cô cố gắng ngồi nép lại để không làm phiền ai.</p><p>10 phút sau, một chàng trai ngồi ở hàng ghế dưới bất ngờ vỗ lên vai người đã sỉ nhục Savannah trong tin nhắn và yêu cầu nói chuyện. Anh đề nghị đổi chỗ vì không chịu nổi khi biết người đàn ông lớn tuổi đã nhắn tin về Savannah.</p><p>Sau khi hai người đàn ông đổi chỗ cho nhau, chàng trai trẻ nhìn thấy Savannah khóc và an ủi cô. \"Anh ấy nói rằng chỉ tình cờ đọc được tin nhắn của người đàn ông kia và cảm thấy khó chịu. Anh ấy nghĩ rằng mình cần làm điều gì đó\".</p><p>\"Người hùng\" của Savannah là Chase Irwin, một hành khách đến từ Nashville, Mỹ. Cô gái trẻ cảm ơn chàng trai vì anh đã chứng minh cho cô thấy rằng, trên đời này vẫn còn có nhiều người tốt.</p><p>Trả lời&nbsp;<i>News Channel</i>, Chase Irwin cho biết ban đầu anh định đợi chuyến bay kết thúc mới nói điều \"phải trái\" với người đàn ông kia. Tuy nhiên, anh nghĩ rằng không thể để cô gái phải chịu đựng điều này suốt chuyến bay.&nbsp;</p><p><strong>Anh Minh</strong></p>', '2-3439-1526519951.jpg', 1, NULL, 3, '2018-05-17 17:35:42', NULL),
(13, 'Gần 100 người tìm kiếm du khách lạc trên núi Tà Năng', 'gan-100-nguoi-tim-du-khach', 'Lực lượng tìm kiếm gồm porter, phượt thủ, kiểm lâm, công an... tỏa đi nhiều hướng trong 5 ngày qua nhưng vẫn chưa thấy tung tích', '<p>Sau 5 ngày tìm kiếm liên tiếp, các lực lượng vẫn chưa có thêm thông tin gì về Kiện, du khách bị lạc trên cung đường Tà Năng - Phan Dũng từ trưa 12/5.</p><p>Gần 100 người tìm kiếm liên tục trong 5 ngày</p><p>Khi nhận tin bạn mình là An Thi Kiện (24 tuổi) bị lạc khi trekking Tà Năng - Phan Dũng (Lâm Đồng - Bình Thuận), Trần Cao Thành ở TP HCM chia sẻ lên mạng xã hội và kêu gọi giúp đỡ.</p><p>Sau đó, nhiều người có kinh nghiệm trekking cung này đã lên đường tìm kiếm du khách bị mất tích. Theo Thành, hiện tại đoàn tìm kiếm đã lên đến gần 100 người. Ngoài các porter địa phương, những người leo núi nhiều kinh nghiệm, công an địa phương cũng đã vào cuộc. Ngoài ra, các đoàn còn huy động cả chó nghiệp vụ, flycam.</p><p>“Đêm thứ 4 của Kiện, ngày hôm nay, đã phát hiện dấu tích của Kiện dưới dốc Mẹ Ơi, thác 7 tầng, khu vực rất nguy hiểm, nhưng Kiện đã an toàn để qua đêm nơi đó thông qua những vết đồ ăn còn sót”, một người bạn trong nhóm leo núi với Kiện thông tin.</p><p>Tuy nhiên, sau 5 ngày tìm kiếm liên tiếp, các nhóm cứu hộ vẫn chưa có thêm thông tin gì về tung tích của du khách bị mất tích. \"Manh mối duy nhất tìm được là vỏ bịch nilông nhặt được trên đường tìm kiếm dưới con suối Tà Vào”, người bạn chung nhóm xác nhận đây là đồ của Kiện để lại.</p><p>“Kiện chỉ còn một ít nước và cục chả 1kg\"</p><p>Thông tin từ nhóm bạn trong chuyến trekking với Kiện cho biết nhóm gồm 7 người cùng nhau khám phá cung Tà Năng - Phan Dũng vào ngày 11/5.</p><p>Sau một ngày di chuyển, 7 người đi vào đoạn ngã ba và dừng chân nghỉ ngơi. Cả nhóm quyết định đi tiếp đến suối mới ăn trưa để tiết kiệm nước. Sau khi phân vân không biết nên đi theo hướng nào thì cả nhóm quyết định rẽ trái.</p><p>“Kiện đi đầu tiên, sau vài phút thì một người trong nhóm phát hiện ra đã đi sai đường và gọi mọi người quay lại. Lúc này cả nhóm gọi Kiện 5, 7 lần nhưng không thấy trả lời. Sau đó nhóm dùng cả còi để báo hiệu nhưng vẫn không thấy phản hồi của Kiện”, một người chung đoàn thuật lại.</p><p>Một người của nhóm đuổi theo tìm anh hai lần, điện thoại Kiện mất sóng không liên lạc được. Đến 4h chiều, không thấy Kiện, nhóm quyết định tìm người trợ giúp tìm kiếm.</p><figure class=\"image\"><img src=\"https://i-dulich.vnecdn.net/2018/05/17/-3313-1526517792.jpg\" alt=\"Nam du khách bị lạc trên cung đường Tà Năng - Phan Dũng. Ảnh: Trần Cao Thành.\"></figure><p>Nam du khách bị lạc trên cung đường Tà Năng - Phan Dũng. Ảnh:<i> Trần Cao Thành.</i></p><p>Người này cho biết thời điểm bị lạc, Kiện còn rất ít nước, chỉ khoảng 200 ml và khoảng 1 kg chả lụa. Ngoài ra ba lô của Kiện còn có một túi ngủ, áo khoác và một con dao.Một số người có kinh nghiệm trekking nhận định nếu Kiện đi về hướng thác nước thì vẫn có thể cầm cự được khoảng 7 ngày. “Các đoàn tìm kiếm đầu tiên đã thấm mệt và rút ra. Những người còn lại vẫn tiếp tục tìm kiếm\", anh Lê Xuân Cường trong nhóm tìm kiếm cho biết.</p><p>“Ý chí sống còn quyết định tất cả\"</p><p>Tối 16/5, anh Lê Bảo trong đoàn tìm kiếm cho biết những nơi khó khăn nhất thuộc con suối đổ xuống thác Lao Phào, cũng là nơi duy nhất tìm thấy dấu diệu của Kiện đã tìm hết. \"Chỉ duy nhất đoạn quay ngược lại về hướng Tà Năng là đường rất dễ đi chúng tôi không tìm hết. Đoạn cuối chúng tôi có gặp nhóm người đi hái lan xuống thì họ nói không có gặp ai. Như vậy có thể bỏ qua giả thiết Kiện đi về thác Là Phào là hướng đi nguy hiểm nhất\" Bảo nói.</p><p>“Nếu đã mất tích 5 ngày, mỗi ngày cậu ấy chỉ cần di chuyển tầm 3 km đường rừng là cũng đã tạo khoảng cách rất lớn với các nhóm đi tìm kiếm chỉ mới đi tìm trong thời gian 48 tiếng\", một người phân tích. Anh Hoàng Minh Khôi, người có nhiều kinh nghiệm leo núi nhận định Kiện vẫn trong địa phận Phan Dũng.</p><p>Theo anh Khôi, sau nhiều ngày bị lạc trong rừng sâu, Kiện có thể rơi vào hôn mê sâu do cơ thể bị suy nhược nặng, phải đốt cháy mỡ bụng để chống chọi lại thời tiết lạnh về đêm. Lúc này tỷ lệ sống sót cực thấp nhưng ý chí sống còn sẽ quyết định tất cả.</p><p>Tà Năng - Phan Dũng là cung đường nổi tiếng nối liền địa phận 2 tỉnh Lâm Đồng - Ninh Thuận. Cung đường này được rất nhiều phượt thủ yêu thích với địa hình đồi núi dài khoảng 60 km.</p><p>Để chinh phục cung đường này, du khách phải là người có kinh nghiệm hoặc được người địa phương dẫn đường vì đường ở đây rất dễ đi lạc.</p><p>Tháng 10/2017 một nữ phượt thủ đã bị nước cuốn trôi khi băng qua suối Yavly, đoạn thuộc xã Phan Dũng, huyện Tuy Phong, tỉnh Bình Thuận khi đang trên đường chinh phục cung đường Tà Năng - Phan Dũng.</p><p>Ngày 15/5/2018, chính quyền xã Phan Dũng tiếp nhận thông tin một du khách nam bị lạc nhiều ngày trên cùng con đường này. Công tác tìm kiếm, cứu nạn vẫn tiếp tục.</p><p><strong>Khương Văn</strong></p>', '32474716-1521342104641484-1664-9357-9208-1526519209.jpg', 1, NULL, 3, '2018-05-17 17:37:37', NULL),
(14, 'Nhà hoạt động từ thiện Canada bị buộc tội hãm hiếp hai bé trai ở Nepal', 'nha-hoat-dong-tu-thien-cannaa', 'Peter Dalglish, từng được trao huân chương cao quý của Canada vì những đóng góp nhân đạo, bị cáo buộc xâm hại tình dục trẻ em nghèo ở Nepal.', '<p>Cơ quan điều tra Nepal cho biết bị cáo 60 tuổi đã dụ dỗ trẻ em của những gia đình nghèo bằng cách hứa hẹn cho chúng đi học, đi du lịch và kiếm công ăn việc làm ở nước ngoài. \"Ông ta xâm hại lũ trẻ sau khi làm cho chúng tưởng rằng sẽ được đi nước ngoài\",&nbsp;Jeevan Shrestha, người phát ngôn của Cục điều tra Nepal, cho biết.&nbsp;</p><p>Cha của một trong hai cậu bé bị cho là nạn nhân của&nbsp;Dalglish cho biết từng làm việc cho người đàn ông Canada này trong khoảng 5 năm và có mối quan hệ thân thiết với ông chủ. Ông Tamang thi thoảng để cậu con trai 14 tuổi ngủ lại qua đêm tại nhà Dalglish.&nbsp;</p><p>Sáng sớm ngày 7/4, ông&nbsp;Tamang bị hàng chục cảnh sát dựng dậy. Cảnh sát yêu cầu ông dẫn họ tới nhà của Dalglish ở trên đồi, nơi con trai ông ngủ lại. Vào trong nhà, ông Tamang quan sát thấy người chủ cũ của mình nói chuyện nhẹ nhàng với cảnh sát bằng tiếng Anh, thứ tiếng ông không thể hiểu.</p><p>Sau này, ông Tamang mới biết chính cậu con trai 14 tuổi đã tố cáo Dalglish với cảnh sát. Theo đó, không chỉ mình cậu mà em họ 12 tuổi và ít nhất hai cậu bé khác đều là nạn nhân bị Dalglish xâm hại tình dục.&nbsp;</p><p>\"Tôi nghĩ cảnh sát đã theo dõi hắn trong một thời gian dài\", ông Tamang cho biết, nói rằng con trai ông bị gã đàn ông Canada xâm hại suốt 7 năm. \"Bọn trẻ kể rằng hắn ta yêu cầu chúng lột hết quần áo khi đi ngủ và rồi hãm hiếp chúng\".&nbsp;</p><p>Vài ngày sau vụ bắt giữ, cơ quan chức năng gọi ông Tamang quay lại hiện trường và cho ông xem khoảng một chục tấm ảnh và phim âm bản chụp những đứa bé trai trần truồng trong bể bơi. Luật sư của Peter Dalglish cho rằng \"những bức chỉ chụp những đứa bé nghèo và không có biểu hiện xâm hại tình dục\".</p><p>Trả lời tạp chí <i>Globe and Mail </i>sau song sắt nhà tù hồi tháng trước, Dalglish phủ nhận mọi cáo buộc và nhấn mạnh vào lý lịch tư pháp trong sạch của bản thân. \"Rõ ràng, nếu anh làm công việc mà tôi làm, nghĩa là làm việc với trẻ nhỏ, anh sẽ dễ hứng chỉ trích và nghi ngờ\".</p><p>Nếu bị kết tội, Dalglish có thể bị lĩnh án lên tới 13 năm tù.</p><p><strong>An Hồng</strong></p>', 'canadahumanitarian-6398-1526545766.jpg', 1, NULL, 8, '2018-05-17 17:48:19', NULL);
INSERT INTO `tintuc` (`id`, `TieuDe`, `TieuDeKhongDau`, `TomTat`, `NoiDung`, `Hinh`, `NoiBat`, `SoLuotXem`, `idLoaiTin`, `created_at`, `updated_at`) VALUES
(15, 'Vì sao công ty tài chính tiêu dùng hay gọi đòi nợ nhầm?', 'vi-sao-cong-ty', 'Nhiều trường hợp vay chỉ cần nộp vài giấy tờ cơ bản cùng 5 số điện thoại bất kỳ đã được công ty tài chính phê duyệt giải ngân.', '<p>Sự bùng nổ của tín dụng tiêu dùng - mảnh đất màu mỡ với quy mô ước tính gần 30 tỷ USD, khiến nhiều công ty chen nhau xuất hiện. Mỗi nơi áp dụng một bộ tiêu chí cho vay riêng nhưng đa phần đều thấp hơn rất nhiều so với tín dụng ngân hàng.&nbsp;</p><p>Hiện các đơn vị cho vay theo dạng trả góp mua sắm (đồ gia dụng, nội thất, điện máy, phương tiện đi lại) và tiền mặt. Dù hình thức gì, hầu hết khoản vay là tín chấp với giá trị nhỏ, thường là vài chục triệu đồng.</p><p>Để được vay, thông thường khách hàng chỉ cần cung cấp giấy tờ chứng minh hai yếu tố, nơi ở và thu nhập cùng số điện thoại từ 2-5 người thân. Tuy nhiên, thực tế cho thấy, các chi tiết này có thể bị làm giả từ phía người cần vay.&nbsp;</p><p>Ví dụ như bảng xác nhận lương tại nơi làm việc có thể được điều chỉnh cao hơn số lương thực nhận để được vay với giá trị cao hơn. Các hóa đơn sinh hoạt cũng có thể làm giả thông qua việc mượn hoặc lấy từ người khác. Thông thường nhất là số điện thoại người thân thường không chính xác. Việc nhầm lẫn chỉ được phát giác khi người đi vay không chi trả đúng hạn và các công ty này tìm cách liên lạc với người thân để đòi tiền.</p><p>Đây cũng là lý do của tình trạng nhiều người dù không nợ, cũng chẳng biết người đi vay là ai, nhưng vẫn bị các công ty tài chính gọi điện thoại \"truy nã\". Lý do là số điện thoại của họ xuất hiện trong&nbsp;danh sách \"người có liên quan với người đi vay\".&nbsp;</p><p>Cục Cạnh tranh và Bảo vệ người tiêu dùng (Bộ Công Thương) vài tháng qua cũng ghi nhận hơn 100 trường hợp về tình trạng bị quấy nhiễu từ các công ty tài chính tiêu dùng.&nbsp;</p><p>Các công ty tài chính thẩm định hồ sơ với hai yêu cầu là thẩm định thực địa và theo số điện thoại cung cấp. Tuy nhiên, theo một số nhân viên tại các công ty này, do lượng hồ sơ xin vay quá lớn và nhân sự không đáp ứng đủ, nhiều trường hợp được bỏ qua bước thẩm định nếu hồ sơ hợp lý và chưa từng có nợ xấu.</p><p><strong>Dù bộc lộ nhiều rủi ro khi hướng tới nhóm khách hàng \"dưới chuẩn\", tín dụng tiêu dùng vẫn là một kênh đầu tư sáng giá với tỷ suất lợi nhuận cao - \"cái giá\" được cho là hợp lý để đánh đổi với rủi ro</strong>.&nbsp;</p><p>\"Bản thân hoạt động của các công ty tài chính tiêu dùng rủi ro rất cao nên luật khống chế không cho họ huy động tiền từ dân cư. Nhưng đây cũng là yếu tố làm&nbsp; lãi suất cho vay từ công ty tài chính cao hơn nhiều so với vay thương mại của ngân hàng\", ông Phạm Xuân Hoè, Phó viện trưởng Viện chiến lược ngân hàng (Ngân hàng Nhà nước) từng chia sẻ trong một sự kiện về tín dụng tiêu dùng.</p><p>Hiện không có mức trần lãi suất cho vay với các công ty tài chính mà chỉ có quy định lãi suất cần được quy đổi theo tỷ lệ phần trăm một năm (thay vì một ngày hoặc mỗi tháng) và phải tính theo số dư nợ cho vay, thời gian duy trì số dư nợ cho vay thực tế. Tuy nhiên, các công ty tài chính thường sử dụng con số chi trả hàng tháng tính trên khoản vay và thời gian để che đi mức lãi suất thực sự, có thể lên tới 40-70%. Với các khoản vay nhỏ, người tiêu dùng thường \"chủ quan\" trước những số tiền này.</p><p>Nhờ điều này mà&nbsp;tỷ lệ thu nhập lãi cận biên (NIM) của các công ty tài chính ở mức ngất ngưởng, dù chi phí vốn đầu vào của các công ty này cao hơn ngân hàng, chi phí hoạt động cũng lớn do khoản vay nhỏ, kỳ hạn ngắn.</p><p>Trong báo cáo của Công ty chứng khoán Bản Việt (VCSC), NIM của các công ty tài chính tiêu dùng thuộc nhóm đầu thị trường thường đạt từ 26-38%, trong khi NIM của các ngân hàng thương mại chỉ dao động 2-4,5%.</p><p>Với thu nhập lãi thuần và lợi nhuận trước thuế lần lượt là 5.300 tỷ và 1.600 tỷ đồng, VPBank năm 2014 mới nằm trong nhóm cuối Top 10 trên thị trường. Nhưng bốn năm sau, nhà băng này đã chen chân vào nhóm bốn ngân hàng đứng đầu với hơn 8.100 tỷ đồng lợi nhuận, bám đuổi sát sao những \"ông lớn\" quốc doanh như Vietcombank, VietinBank hay BIDV.&nbsp;Kết quả này không đến từ sự bứt phá của ngân hàng mẹ mà đến từ sự đóng góp chính của FE Credit - công ty tài chính do VPBank sở hữu 100% vốn.</p><p>Tương tự với các nhà băng khác, đây cũng là một khoản đầu tư đáng giá. Đó là lý do không phải ngẫu nhiên mà làn sóng M&amp;A các công ty tài chính tiêu dùng được nở rộ 3 năm gần đây trong ngành ngân hàng.&nbsp;SHB thâu tóm Công ty Tài chính Vinaconex-Viettel (VVF) và đổi tên thành SHB Finance, với vốn điều lệ 1.000 tỷ đồng.&nbsp;Maritime Bank mua lại Công ty Tài chính Dệt may Việt Nam (TFC), hay&nbsp;Seabank đã mua lại Công ty Tài chính Bưu điện với giá 710 tỷ đồng.</p><p><strong>Minh Sơn</strong></p>', 'vay-goc-cay-8031-1526191011-3493-1526463432.jpg', 1, NULL, 10, '2018-05-17 17:59:28', NULL),
(16, 'Bloomberg: Vinhomes dự kiến chào bán cổ phần giá 114.700 đồng', 'du-kien-chao-ban-co-phieu', 'Công ty cổ phần Vinhomes dự kiến thực hiện IPO lớn nhất Việt Nam và Đông Nam Á từ trước đến nay.', '<p>Theo thông tin từ<i> Bloomberg</i>, Vinhomes - nhà phát triển bất động sản lớn nhất Việt Nam, đã sẵn sàng chào bán cổ phần trị giá 1,35 tỷ USD cho các nhà đầu tư. Mức giá dự kiến 114.700 đồng cho mỗi cổ phần, đây cũng là mức giá cao nhất theo định giá của các tổ chức tư vấn, dao động trong khoảng từ 110.500 đồng đến 114.700 đồng.</p><p>Như vậy, mức giá 114.700 đồng một cổ phần tương ứng với vốn hóa của Vinhomes đạt 307.400 tỷ đồng (13,5 tỷ USD). Việc chào bán cổ phần lần đầu (IPO) của Vinhomes sẽ trở thành trường hợp bán cổ phần lớn nhất Việt Nam từ trước đến nay, vượt qua mức 922 triệu USD của Techcombank hồi tháng trước.</p><p>Ngay trước thông tin chào bán cổ phần,&nbsp;Quỹ GIC của Chính phủ Singapore đã thông báo mua vào gần 154 triệu cổ phiếu Vinhomes, tương ứng tỷ lệ sở hữu 5,74% và trở thành cổ đông lớn từ ngày 20/4.&nbsp;</p><p>Trước đó, Vinhomes cho biết GIC sẽ đầu tư tổng cộng 1,3 tỷ USD (tương đương gần 30.000 tỷ đồng) dưới hai hình thức là đầu tư mua cổ phần và cung cấp công cụ nợ để Vinhomes thực hiện các dự án.</p><p>Theo <i>Reuters</i>, Vinhomes giới thiệu là nhà đầu tư bất động sản lớn nhất Việt Nam với 48% thị phần tại phân khúc cao cấp và 15% tổng thị phần thị trường nhà ở của Việt Nam.</p><p>Công ty cổ phần Vinhomes, tiền thân là Công ty Phát triển Đô thị Nam Hà Nội, được Tập đoàn Vingroup (mã CK: VIC)&nbsp;cơ cấu lại để trở thành công ty trực tiếp phát triển mảng bất động sản của Vingroup và các công ty thành viên.</p><p>Giữa năm 2017, Phát triển Đô thị Nam Hà Nội đã hủy đăng ký giao dịch trên UPCoM sau khi không còn đủ điều kiện là công ty đại chúng. Nửa năm sau đó, công ty này&nbsp;tăng vốn từ 2.000 tỷ lên 28.365 tỷ đồng, thông qua việc nhận sáp nhập hai công ty thành viên khác là Công ty Đầu tư Xây dựng Tân Liên Phát và Công ty Kinh doanh và Quản lý Bất động sản Vinhomes (Vinhomes Management).</p><p>Công ty Tân Liên Phát là chủ đầu tư trực tiếp của dự án Vinhomes Central Park tại TP HCM, đồng thời gián tiếp sở hữu một số dự án khác. Còn Nam Hà Nội trước khi tái cấu trúc, là công ty&nbsp;phụ trách phát triển khu đô thị Times City tại quận Hai Bà Trưng, Hà Nội.</p><p>Nam Hà Nội, sau đó đã chính thức đổi tên thành Công ty CP Vinhomes.&nbsp;Sau tái cấu trúc, Vingroup là công ty mẹ sở hữu gần 70% vốn điều lệ của Vinhomes.</p><p><strong>Minh Sơn</strong></p>', 'toang-quan-times-city-6239-1525745350.jpg', 1, NULL, 9, '2018-05-17 18:02:26', NULL),
(17, 'Sĩ Hoàng khuyến khích lối sống tối giản của người Đan Mạch', 'si-hoang-khuyen-khich', 'Nhà thiết kế khuyên mọi người ứng dụng phong cách hygge nhằm tìm kiếm hạnh phúc từ những điều nhỏ bé.', '<p>Hôm 16/5, Sĩ Hoàng có mặt tại buổi giới thiệu sách <i>Hygge - Hạnh phúc từ những điều nhỏ bé</i> ở đường sách Nguyễn Văn Bình, TP HCM. Nhà thiết kế cho rằng đây là cuốn sách kỹ năng sống hữu ích, nhiều người nên đọc. Hygge là một từ tiếng Đan Mạch chỉ việc tìm hạnh phúc từ những điều giản dị.</p><p>Theo Sĩ Hoàng, hiện nay nhiều người có lối sống “con nhà lính tính nhà quan”, nghèo mà lãng phí. Trong khi đó, những người thành đạt, tỷ phú trên thế giới luôn đề cao việc tiết kiệm. Sĩ Hoàng nói: “Nếu chúng ta cứ giữ mãi nghịch lý đó thì chừng nào chúng ta mới khá lên được. Mà cái lãng phí trầm trọng nhất của giới trẻ hiện nay là thời gian. Họ lên mạng chỉ để thể hiện mình là người hiện đại, thức thời trong khi vấn đề quan trọng là tiếp nhận và chuyển hóa kiến thức để phục vụ bản thân thì lại không quan tâm, để ý”.</p><p><i>Hygge - Hạnh phúc từ những điều nhỏ bé </i>do Marie Tourell Søderberg - một diễn viên, hiện sống ở Copenhagen, Đan Mạch - viết. Cũng như đa số người ở thời đại này, đôi khi Marie cảm thấy quá tải với công việc, thấy mình luôn bận rộn với nhiệm vụ nào đó. Cho đến một ngày, Marie nhận ra cô cũng như rất nhiều người đang quên dành thời gian để bản thân thật sự được sống. Marie quyết định chậm lại, bởi với cô, việc có khoảng thời gian hygge cùng gia đình và bạn bè, có những khoảnh khắc hygge với bản thân và có một mái ấm hygge là điều rất quan trọng. Marie viết sách với mong muốn chia sẻ thông điệp đó đến mọi người.</p><p>Không dừng lại ở khái niệm, tác giả đưa ra cách thức triển khai, thực hành để mang hygge vào đời sống thường nhật. Xuyên suốt quyển sách, độc giả sẽ được rất nhiều người Đan Mạch giải thích họ hygge như thế nào và hygge có ý nghĩa gì với họ. Có khi đó chỉ là giây phút ngồi quanh đống lửa trò chuyện với bạn bè trong một đêm hè, nhâm nhi ly rượu vang trong khu vườn của mẹ hay ngồi nghe tiếng mưa rơi tí tách trên mái nhà với một tách trà nóng trên tay…</p><p><strong>An Sơn</strong></p>', 'Sy-Hoang-6745-1526547854.jpg', 1, NULL, 16, '2018-05-17 18:05:24', NULL),
(18, 'Dương Triệu Vũ hát về chuyện tình cảm của bản thân', 'duong-trieu-vu', 'Nhạc sĩ Nguyễn Hồng Thuận viết ca khúc \"Cảm giác với một người khác\" trong vòng hai tiếng sau khi nghe ca sĩ kể chuyện.  ', '<p>Dương Triệu Vũ chia sẻ anh mang mang cảm xúc&nbsp;da diết và nồng cháy khi yêu, thể hiện ca khúc mới. Đây là bài hát anh yêu thích nhất trong dự án âm nhạc<i> 1</i><a href=\"https://giaitri.vnexpress.net/tin-tuc/nhac/lang-nhac/dam-vinh-hung-duong-trieu-vu-ke-moi-tinh-tay-ba-3596050.html\"><i>4 năm 9 tháng</i></a> cùng Đàm Vĩnh Hưng, ra mắt đầu tháng 6.&nbsp;</p><p>Bản audio <i>Cảm giác với người khác </i>do anh solo được khán giảnphản hồi tích cực. Dương Triệu Vũ và đạo diễn Đinh Hà Uyên Thư quyết định thực hiện MV.</p><p>Cả êkíp lên Đà Lạt thực hiện cảnh quay lãng mạn trong vòng hai ngày. Nội dung video nhạc nói về một chàng trai chới với trong tình yêu, cứ mãi chạy đi kiếm cảm giác tình yêu đích thực.&nbsp;</p><p>Hiện Dương Triệu Vũ diễn các show ở trong và ngoài nước để quảng bá cho album <i>14 năm 9 tháng</i>. Anh cho biết, CD được kiều bào tại Mỹ đón nhận khiến anh và Đàm Vĩnh Hưng phải in thêm.&nbsp;</p><p>&nbsp;</p>', 'duong-trieu-vu-2-1442-1498276905.jpg', 1, NULL, 17, '2018-05-17 18:12:11', NULL),
(19, 'Simeone giành danh hiệu thứ sáu với Atletico', 'gianh-danh-hieu', 'HLV người Argentina làm bảng thành tích thêm phần chất lượng khi bổ sung chức vô địch Europa League 2017-2018.', '<p>Ngoài các danh hiệu đang sở hữu, HLV người Argentina còn ba lần đưa Atletico vào các trận tranh Cup khác: thua Real hai lần ở chung kết Champions League và thua Barca một lần ở Siêu Cup Tây Ban Nha.</p><p>Thành tích của Simeone hiện tại sánh ngang với cố HLV Luis Aragones, người giúp Atletico giành một La Liga, ba Cup Nhà vua, một Siêu Cup Tây Ban Nha và một Cup Liên lục địa.</p><p>Atletico mùa này vốn khởi đầu đấu trường châu Âu tại Champions League. Do không cạnh tranh được vé đi tiếp ở vòng bảng trước AS Roma và Chelsea, đội chủ sân Metropolitano phải xuống chơi tại Europa League. \'Cú rơi\' hóa ra lại là một may mắn đối với thầy trò Simeone. Chẳng những thoát được cảnh trắng tay trong mùa giải, Atletico còn bổ sung một Cup châu Âu vào bảng thành tích lịch sử.</p><p>Tháng 8 sắp tới, Simeone có cơ hội giành danh hiệu thứ bảy khi dẫn dắt Atletico tranh Siêu Cup châu Âu với đội vô địch Champions League (Liverpool hoặc Real Madrid).</p><p><strong>Thanh Quý</strong></p>', 'at-9747-1526524486.jpg', 1, NULL, 21, '2018-05-17 18:14:13', NULL),
(20, 'Sharapova thắng trận ra quân tại Italy Mở rộng', 'thang-tran-ra-quan', '\"Búp bê Nga\" trải qua cuộc chiến cam go với hạt giống số 16 Ashleigh Barty trước khi giành chiến thắng 7-5, 3-6, 6-2.', '<p>Tuần trước, tại Madrid Mở rộng, Maria Sharapova lần đầu vào tứ kết một giải đấu lớn từ khi trở lại sau án phạt doping. Cú hích tinh thần đó giúp cô tự tin khi tham dự Italy Mở rộng - giải đấu Sharapova từng ba lần đăng quang.</p><p>Tuy nhiên, cựu số một thế giới đã vấp phải thách thức lớn ngay ở trận ra quân. Dù giành break sớm, cô để Barty gỡ hòa 5-5. Một cú thuận tay chính xác và một pha đánh không qua lưới của đối thủ giúp Sharapova thắng set đầu sau 50 phút.</p><p>Trái với Sharapova, người từng 10 lần tham dự giải WTA Mandatory tại Rome, đây mới là lần đầu tay vợt Australia&nbsp;Ashleigh Barty góp mặt ở vòng đấu chính thức tại giải này. Tận dụng những sai lầm liên tiếp của đối thủ, Barty ghi hai điểm break ở set hai qua đó cân bằng tỷ số trận đấu.</p><p>Ở set quyết định, kinh nghiệm của Sharapova lên tiếng khi cô cứu ba break để gỡ hòa 1-1. Một cú lốp đẹp mắt tạo tiền đề để tay vợt Nga giành break quan trọng. Ngược lại với đối thủ, tay vợt 22 tuổi Barty mắc sai lầm ở thời khắc quyết định với một lỗi giao bóng kép và một pha tự đánh hỏng, giúp đối thủ kết thúc màn so tài sau hai tiếng 32 phút.</p><p>\"Cô ấy khiến tôi phải đánh bóng nhiều và điều đó chứng tỏ cô ấy đã chơi tốt. Việc được xếp hạt giống ở đây và những kết quả đã giành được cho thấy cô ấy đang làm tốt\", Sharapova nhận xét về đối thủ.</p><p>Ở vòng hai, nhà vô địch các năm&nbsp;2011, 2012 và 2015 sẽ gặp tay vợt Slovakia&nbsp;Dominika Cibulkova.</p><p><strong>Vĩnh San</strong></p>', 'Untitled-4044-1526436385.jpg', 1, NULL, 22, '2018-05-17 18:17:06', NULL),
(21, 'Thẩm phán tuyên án treo cho Nguyễn Khắc Thủy bị đình chỉ nhiệm vụ', 'tham-phan-tuyen-an-treo', 'Thẩm phán tuyên án treo cho Nguyễn Khắc Thủy bị đình chỉ nhiệm vụ', '<p>Tối 17/5, ông Nguyễn Văn Hiến, Chánh án TAND tỉnh Bà Rịa - Vũng Tàu cho biết, đã có quyết định \"Đình chỉ nhiệm vụ xét xử của thẩm phán\" đối với ông Huỳnh Ngọc Thiện, Chủ tọa phiên tòa phúc thẩm xét xử Nguyễn Khắc Thủy (78 tuổi) tội Dâm ô đối với trẻ em.</p><p>\"TAND tỉnh tạm đình chỉ nhiệm vụ để kiểm điểm trách nhiệm phiên tòa do ông Thiện làm chủ tọa gây ra nhiều dư luận. Còn việc đúng, sai thế nào thì các cấp thẩm quyền sẽ xem xét\", ông Hiến cho hay.</p><p>Sáu ngày trước, HĐXX do ông Huỳnh Ngọc Thiện làm chủ tọa đã chấp nhận một phần kháng cáo kêu oan, tuyên buộc bị cáo Thủy có hành vi Dâm ô đối với một cháu bé, cháu còn lại không đủ bằng chứng chứng minh.&nbsp;</p><p>Cùng với nhận định, bị cáo là người già, đang bị bệnh nên áp dụng một số tình tiết giảm nhẹ, chủ tọa đã tuyên bản án giảm từ 3 năm tù giam xuống còn 18 tháng tù treo đối với bị cáo Thủy. Bản án này khiến dư luận bức xúc, nhiều cơ quan phải lên tiếng.&nbsp;</p><p>Trao đổi với <i>VnExpress</i> trước đó,<i> </i>thẩm phán Huỳnh Ngọc Thiện cho rằng, ông và HĐXX xác định đây là vụ án phức tạp nên thận trọng khi nghiên cứu hồ sơ, điều hành vận dụng luật khi xét xử và đủ căn cứ, cơ sở để giảm án đối với bị cáo Thủy xuống án treo.</p><p>Ông Thiện cho hay, suốt quá trình xét xử và trong bản án, ông không đề cập đến việc bị cáo Thủy là đảng viên nên không có câu chữ nhận định \"ông ấy là đảng viên nên giảm nhẹ\". Bản thân ông khi tuyên án đã lường trước việc sẽ bị dư luận phản ứng nhưng không ngờ \"mức độ kinh khủng như vậy\".&nbsp;Những ngày qua, ông và các con bị rất nhiều người nhắn tin với những lời lẽ mạt sát, khủng bố.</p><p><strong>Yêu cầu xét xử phúc thẩm lại</strong></p><p>Cùng ngày, TAND Cấp cao tại TP HCM đã ký quyết định kháng nghị giám đốc thẩm,&nbsp;đề nghị Ủy ban thẩm phán TAND Cấp cao tại TP HCM hủy bản án phúc thẩm tuyên phạt Nguyễn Khắc Thủy 18 tháng tù treo và yêu cầu xét xử phúc thẩm lại theo đúng pháp luật.</p><p>TAND Cấp cao tại TP HCM cho rằng bản án phúc thẩm mà&nbsp;của TAND tỉnh Bà Rịa - Vũng Tàu&nbsp;xử chưa nghiêm minh, chưa đúng tính chất và mức độ, hành vi phạm tội gây phẫn uất trong dư luận.</p><p>Hôm qua, VKSND tỉnh Bà Rịa - Vũng Tàu đã gửi báo cáo, hồ sơ vụ án và đề nghị VKS Cấp cao tại TP HCM xem xét kháng nghị giám đốc thẩm. VKS vẫn bảo lưu quan điểm bác kháng cáo kêu oan, cho rằng có đủ căn cứ cáo buộc bị cáo Thủy dâm ô đối với hai bé gái.</p><p>Theo cáo trạng, tháng 5/2014, Nguyễn Khắc Thủy dùng tay xâm hại vào bộ phận sinh dục của một bé gái 11 tuổi sống cùng chung cư. Bạn của bé gái đến nhà chơi chứng kiến toàn bộ sự việc. Trước đó một tháng, Thủy sờ vào bộ phận nhạy cảm của bé gái 6 tuổi khi đang chơi đùa với anh trai ở khu vực cầu trượt trong khuôn viên chung cư.</p><p>Tháng 11/2017, tòa sơ thẩm TP Vũng Tàu đã tuyên phạt Nguyễn Khắc Thủy 3 năm tù về tội Dâm ô đối với trẻ em.</p><p><strong>Nguyễn Khoa</strong></p>', 'bi-cao-Thuy-3850-1526564035.jpg', 1, NULL, 25, '2018-05-17 18:19:07', NULL),
(22, 'Thu thuế 5.000 đồng một gói có ngăn được người nghiện thuốc lá?', 'thu-thue-5-dong-mot-goi', 'Tăng thuế thuốc lá phải đồng thời với chống buôn lậu thì mới thực sự có hiệu quả.', '<p><i>Bộ Tài chính hiện đề xuất hai phương án sửa đổi mức thuế tiêu thụ đặc biệt áp dụng với mặt hàng thuốc lá.</i></p><p><i>Phương án một là áp dụng thu thuế theo phương pháp hỗn hợp (thu theo thuế suất tỷ lệ như hiện nay và thuế suất tuyệt đối). Theo đó, bổ sung mức thu thuế tuyệt đối 1.000 đồng mỗi bao thuốc lá 20 điếu và 1.500 đồng một điếu xì gà. Quy định này áp dụng từ năm 2020.</i></p><p><i>Phương án hai, tăng thuế suất theo lộ trình: Năm 2020 tăng từ 75% lên 80%, một năm sau tăng lên mức 85%.</i></p><p>Theo tôi có tăng thuế bao nhiêu đi chăng nữa thì người nghiện thuốc vẫn mua hút. Và thuế tăng thì người được hưởng lợi nhất là bọn buôn lậu, và lúc đó tiền tăng thuế có đủ tăng cường cho đội quân chống buôn lậu?</p><p><strong>Chia sẻ ý kiến của bạn&nbsp;</strong><a href=\"https://vnexpress.net/contactus?p=bandoc\"><i><strong>tại đây.</strong></i></a></p><p><strong>Binh Phuong</strong></p>', '597b4d1a4528e62c008b53bf750-15-4800-2391-1525938769_180x108.jpg', 0, NULL, 26, '2018-05-17 18:22:33', NULL),
(23, 'Thay đổi cách sinh hoạt, giặt giũ đẩy lùi khủng hoảng nước sạch', 'thay-doi-cach-sinh-hoat-giat', 'Tôi cho rằng, tiết kiệm nước trong sinh hoạt, giặt giũ… là cách đơn giản nhất để bảo vệ nguồn tài nguyên nước vốn ngày càng khan hiếm. ', '<p>Khủng hoảng nước sạch là một trong những vấn nạn báo động tại các tỉnh Đồng bằng sông Cửu Long, trong đó có quê hương tôi - Bạc Liêu. Hai năm trước, đợt hạn, mặn đi qua để lại nhiều hậu quả nặng nề trên mảnh đất tưởng luôn phì nhiêu, xanh mướt của miền Tây. Cơn khát vùng hạn, mặn khiến hàng triệu người lao đao, không có thu nhập, mất trắng đồng lúa, hoa màu, cá tôm…&nbsp;</p><p><strong>Tài nguyên nước Việt Nam đang gặp nhiều thách thức</strong></p><p>Tôi và bạn bè của mình đều bất ngờ khi Việt Nam thuộc nhóm thiếu nước trên thế giới, với lượng nước bình quân đầu người dưới 4.000 m3 một người trong năm - dù luôn được đánh giá có tài nguyên dồi dào và phong phú.</p><p>Những năm gần đây, do tác động của El Nino, tình trạng hạn hán, xâm nhập mặn gây ảnh hưởng nghiêm trọng đến sản xuất và đời sống. Riêng trong năm 2016, hạn, mặn xóa trắng hàng trăm nghìn hecta ruộng lúa, hoa màu tại Đồng bằng sông Cửu Long. Đợt thiên tai này trở thành nỗi ám ảnh không thể quên với người dân quanh năm sống trong sự trù phú của tự nhiên.</p><p>Không chỉ dân miền Tây chúng tôi, người miền Trung, Tây Nguyên cũng bất lực khi gánh trên vai những cơn khát khốc liệt từ khủng hoảng tài nguyên nước. Tại Hà Nội, bạn bè tôi nói mùa hè người dân vẫn đến thiếu 100.000 m3 nước sạch mỗi ngày. Nhiều chung cư kêu cứu vì không đủ nước sinh hoạt.</p><p>Qua truyền thông, tôi được biết thời gian tới Đồng bằng sông Cửu Long thường xuyên phải đối mặt với tình trạng hạn hán, xâm nhập mặn khốc liệt vì&nbsp;tác động của biến đổi khí hậu, nước biển dâng.</p><p>Tác động từ hoạt động khai thác, sử dụng nước của các quốc gia ở thượng nguồn sông Mekong; việc xây dựng, vận hành các hồ chứa thủy điện cả trên dòng chính và dòng nhánh... cũng gây ảnh hưởng không nhỏ.&nbsp;</p><p>Đối mặt với khủng hoảng tài nguyên nước, chúng ta cần thay đổi nhiều thứ, từ chính sách vĩ mô cho tới hành vi sử dụng nước mỗi ngày.<strong>Người dân cần sự thay đổi từ chính sách quản lý</strong></p><p>Tôi nhớ lãnh đạo Bộ Tài nguyên từng đề xuất các giải pháp đẩy lùi tình trạng khát nước sạch. Theo đó, cần quy hoạch tài nguyên nước, tăng cường giám sát việc khai thác nguồn nước; xả nước thải vào nguồn; quản lý hiệu quả việc vận hành các hồ chứa; tăng cường năng lực các cơ quan quản lý nước sạch. Truyền thông về ý thức tiết kiệm nước đến người dân, ngay từ trong sinh hoạt hàng ngày cũng là một trong những nhiệm vụ quan trọng hàng đầu.</p><p>Ngoài tổ chức các hoạt động tuyên truyền, phổ biến pháp luật về tài nguyên nước, tôi ủng hộ ban ngành kêu gọi người dân hiểu rõ tầm quan trọng của việc sử dụng tiết kiệm, hiệu quả nguồn nước. Tại mỗi tỉnh, thành nên tổ chức các hoạt động kỷ niệm nhằm kêu gọi người dân bảo vệ tài nguyên nước; tổ chức các cuộc thi tương tự.</p>', 'Nguoi-dan-oan-minh-voi-con-kha-7202-5090-1526291807.jpg', 1, NULL, 26, '2018-05-17 18:24:32', NULL),
(24, 'Cá sấu bại trận bị đồng loại xé xác', 'ca-sau-bai-tran', 'Cá sấu bại trận bị đồng loại xé xác', '<p>Nhiếp ảnh gia Peter Geraerdts chứng kiến cá sấu ăn thịt đồng loại trong công viên quốc gia Nam Luangwa ở Zambia, <i>Story Trender</i> hôm qua đưa tin. Sau khi trận chiến giữa hai con bò sát khổng lồ kết thúc, con cá sấu giành phần thắng lao đến ngoạm xác đối thủ và kéo lê dưới nước.</p><p>\"Đó là cảnh tượng đặc biệt khi chứng kiến cá sấu lớn xé xác đồng loại nhỏ hơn. Những con cá sấu khác cũng bơi đến để tham dự bữa tiệc, chia nhau nhiều mẩu thịt nhỏ vung vãi xung quanh. Cá sấu sẽ ăn bất cứ thứ gì, ngay cả đồng loại của chúng. Đó là lý do tại sao cá sấu nhỏ luôn tránh đường cho những con lớn hơn\", Geraerdts cho biết.</p><p>Cá sấu không thể nhai, do đó chúng buộc phải dùng bộ hàm cực khỏe quất mạnh con mồi để xé nhỏ thịt trước khi ăn. Có 23 loài cá sấu ở các khu vực nhiệt đới tại Australia, châu Phi, châu Mỹ và châu Á. Phần lớn chúng là loài nguy cấp do nạn săn trộm.</p><p><strong>Phương Hoa</strong></p>', 'VNE-Croc-4200-1526097627.jpg', 1, NULL, 27, '2018-05-17 18:27:39', NULL),
(25, 'Mark Zuckerberg sẽ điều trần trước Nghị viện châu Âu', 'Mark-zucker-se-dieu-tran', 'CEO Facebook đã đồng ý gặp gỡ các thành viên cao cấp của Nghị viện châu Âu để thảo luận về việc sử dụng dữ liệu cá nhân tuần tới.', '<p>Theo <i>CNN</i>, chủ tịch Nghị viện châu Âu&nbsp;Antonio Tajani cho biết trong một tuyên bố mới đây rằng giám đốc điều hành Facebook sẽ đến Brussels (Bỉ) để gặp đại diện của Nghị viện ngay trong tuần tới.</p><p>\"Tôi hoan nghênh quyết định của Mark Zuckerberg khi xuất hiện trước mặt đại diện của 500 triệu người châu Âu. Đó là một bước đi đúng hướng để khôi phục lại niềm tin\", ông Tajani nói trong tuyên bố được đăng trên tài khoản Twitter chính thức của mình.</p><p>Phía Facebook cũng xác nhận việc đã chấp nhận lời mời.&nbsp;\"Chúng tôi đánh giá cao cơ hội đối thoại, lắng nghe quan điểm của Nghị viện châu Âu và thể hiện các bước chúng tôi đang thực hiện để bảo vệ tốt hơn quyền riêng tư của mọi người\", công ty cho biết trong một tuyên bố.</p><p>Tajani cho biết Zuckerberg đã đồng ý gặp gỡ các thành viên của Nghị viện châu Âu, bao gồm những người dẫn đầu các nhóm chính trị cũng như các nhà lập pháp từ ủy ban công lý. Bên cạnh đó, Nghị viện châu Âu&nbsp;sẽ tổ chức một loạt các phiên điều trần với Facebook và các công ty công nghệ khác. Tuy nhiên, Zuckerberg không bị yêu cầu phải tham dự, một phát ngôn viên Nghị viện châu Âu cho biết.</p><p>Facebook đã bị giám sát ở cả hai bên bờ Đại Tây Dương sau vụ bê bối dữ liệu với Cambridge Analytica, một công ty dữ liệu có liên quan tới chiến dịch tranh cử của Tổng thống Donald Trump, khi đã bí mật tiếp cận thông tin cá nhân của khoảng 87 triệu người dùng Facebook mà không thông báo.&nbsp;Khoảng 2,7 triệu trong số những người dùng này là cư dân châu Âu, theo phát ngôn từ Nghị viện.</p><p>Thời gian chuyến thăm của Zuckerberg có thể trùng với việc giới thiệu luật bảo vệ dữ liệu mới của châu Âu, có tên Quy định bảo vệ dữ liệu chung (GDPR),&nbsp;vào ngày 25/5. Quy định này yêu cầu các công ty cung cấp dịch vụ trao cho công dân châu Âu quyền kiểm soát dữ liệu cá nhân của chính họ.&nbsp;Facebook trước đó đã giới thiệu những thay đổi trong chính sách bảo mật của mình để tuân thủ các quy định mới này.</p><p>Cùng thời điểm, chính quyền Anh cũng mời CEO Facebook tới nước này để trả lời các câu hỏi. Ủy ban kỹ thuật số, văn hóa, truyền thông và thể thao của Anh thậm chí còn đe dọa sẽ đưa ra một lệnh triệu tập chính thức ngay khi Zuckerberg bước chân vào lãnh thổ nước này, nhưng ông&nbsp;vẫn từ chối tham dự.</p><p>Rebecca Stimson, người đứng đầu chính sách công của Facebook, nói trong một bức thư gửi tới ủy ban rằng Mark Zuckerberg \"hiện tại không có kế hoạch gặp gỡ với ủy ban hoặc đi du lịch đến nước Anh\".</p><p><strong>Mai Anh</strong></p>', '180501162136-zuckerberg-f8-110-3503-3202-1526523859.jpg', 1, NULL, 28, '2018-05-17 18:29:59', NULL),
(26, 'Nhiều phi công Vietnam Airlines xin thôi việc', ' phi-cong-viet-nam-eirline-xin-thoi', 'Phi công Vietnam Airlines cho rằng họ đang nhận mức lương thấp nhất trong 3 hãng hàng không tại Việt Nam.', '<p>Trong tháng 5, một nhóm phi công Vietnam Airlines (VNA) đã gửi kiến nghị đến Phó thủ tướng Trương Hòa Bình về các nội dung của thông tư 41 và thông tư 21 của Bộ Giao thông vận tải.</p><p>Trong đơn kiến nghị, các phi công đã phân tích những bất cập trong Thông tư 41 của Bộ Giao thông Vận tải vi phạm Luật Lao động, gây khó dễ cho những người muốn xin thôi việc. Cụ thể, thông tư 41 và thông tư 21 có nội dung quy định “nhân viên hàng không trình độ cao” muốn thôi việc phải báo trước 120 ngày; khi chuyển đổi nhà khai thác phải chấm dứt hợp đồng. Người lao động phải thực hiện đầy đủ các nghĩa vụ (nếu có) đối với người khai thác tàu bay, tổ chức bảo dưỡng tàu bay hiện tại.</p><p>Trong khi đó, Bộ Luật Lao động quy định: “Người lao động làm việc theo hợp đồng lao động không xác định thời hạn có quyền đơn phương chấm dứt hợp đồng lao động, nhưng phải báo cho người sử dụng lao động biết trước ít nhất 45 ngày”. Ngoài ra, quy định \"Chi phí đào tạo bao gồm các khoản chỉ có chứng chỉ hợp lệ về chi phí trả cho người dạy, tài liệu học tập, trường lớp, máy, thiết bị, vật liệu thực hành, các chi phí khác hỗ trợ cho người học và tiền lương, tiền đóng cho người học trong thời gian đi học…”.</p><p>Đơn kiến nghị nêu: \"Dựa vào hai thông tư của Bộ Giao thông, Vietnam Airlines đã đưa ra những khoản bồi hoàn vô lý và quá lớn so với người lao động (từ 2 tỷ đến 3,5 tỷ đồng) nhưng không có những hóa đơn hợp lệ để chứng minh theo quy định của Bộ Luật Lao động. Cùng với đó, phi công thôi việc phải báo trước 120 ngày.</p><p>Sau khi nhận đơn kiến nghị của phi công Vietnam Airlines, ngày 18/5, Văn phòng Chính phủ đã chuyển đơn đến Bộ Giao thông để giải quyết theo thẩm quyền.</p><p>Theo một lãnh đạo Vietnam Airlines, trong tháng 5, hãng đã ghi nhận có 7 phi công nộp đơn xin thôi việc. Đây đều là những người được đào tạo theo chế độ của nhà nước, tuy nhiên mức bồi hoàn của từng người là khác nhau theo từng chương trình học ở nước ngoài. Mức thấp nhất mà phi công phải bồi hoàn là khoảng 200 triệu đồng.</p><p>\"Chúng tôi thực hiện các quy định khi phi công nghỉ việc theo thông tư của Bộ Giao thông, phi công được nhà nước đầu tư đào tạo thì có trách nhiệm bồi hoàn khi chấm dứt hợp đồng\", ông này cho biết. &nbsp;</p><p>Trong buổi gặp mặt phi công với ban lãnh đạo Tổng công ty sáng 30/5 để giải quyết những vướng mắc, ông Phạm Tiến Ngà, giáo viên huấn luyện, kiêm cơ trưởng lái máy bay A350, cho biết đã làm việc tại Vietnam Airlines lâu năm nhưng mức lương mà công ty chi trả cho ông chưa tương xứng. So với các hãng khác, mức này đang thấp nhất trong 3 hãng hàng không tại Việt Nam. Không chỉ ông, các phi công tại đây cũng đang chịu mức lương thấp hơn nhiều so với phi công nước ngoài. Cũng chính vì lương thưởng không tương xứng nên hiện nhiều phi công đã nộp đơn xin thôi việc.</p><p>&nbsp;</p><p>“Trong nhóm A320 do tôi quản lý có 12 cơ phó nộp đơn thôi việc, tương đương sẽ có 2 tàu bay không thể bay. Tôi dù chưa nộp đơn nhưng nếu lãnh đạo không có giải pháp tốt, tôi sẽ nộp và chịu đền bù”, ông Ngà nói và đề nghị lãnh đạo hãng cần xây dựng chính sách dài hạn, đưa ra mức lương thưởng đột phá để giữ chân nhân tài.</p><p>Là giáo viên huấn luyện kiêm cơ trưởng lái máy bay 787, ông Nguyễn Anh Tuấn cho rằng đang bị thiệt thòi khi mức lương được chi trả chỉ bằng 60-70% phi công nước ngoài. “Có những tháng tôi bay tới 120 giờ, không có thời gian chăm sóc gia đình nhưng lương chỉ bằng hai phần ba phi công nước ngoài. Làm việc cho hãng hàng không 4 sao nhưng thu nhập thua xa các hãng khác. Nếu hãng không có chính sách đột phá thì nguồn nhân lực của công ty sẽ rời khỏi đây ngày càng nhiều”, ông Tuấn nói và bộc bạch rằng Nhà nước đã cho phi công của hãng đi&nbsp; huấn luyện ở những trung tâm tốt, nhưng cũng nên có chính sách trả lương một cách công bằng.</p><p>Trao đổi với <i>VnExpress</i> về những bức xúc trên,&nbsp;ông Dương Trí Thành, Tổng giám đốc Vietnam Airlines lý giải, việc các phi công của hãng so sánh mức lương với các đơn vị cùng ngành khác là chưa chính xác và thuyết phục. Bởi lẽ, ngoài mức lương, hãng còn có nhiều chính sách đãi ngộ đặc biệt. Thêm vào đó, hãng là doanh nghiệp Nhà nước, thuộc quản lý của Bộ Giao thông vận tải nên điều chỉnh lương cần phải có lộ trình. Hiện, trong quá trình xét duyệt lương, mức lương dành cho phi công đang được ưu tiên nhất và được điều chỉnh liên tục. 1/6 là đợt điều chỉnh mạnh nhất của hãng. Tất cả nhân viên đều được áp dụng chế độ lương mới, trong đó, phi công có người được tăng tới 20%, có thể tăng thêm tới 40 triệu đồng một tháng một người với cá nhân có trình độ cao.</p><p>Đối với phi công nước ngoài, sở dĩ họ có mức lương cao hơn người Việt là vì chi phí tiêu dùng, vật giá quốc gia họ ở cao, đồng thời, phát sinh nhiều chi phí khác khi làm việc xa quê hương.</p><p>“Hãng luôn tôn trọng quyết định của phi công. Họ sẽ được chấp thuận thôi việc khi hoàn thành đầy đủ nghĩa vụ theo Thông tư 21. Vì hàng không là ngành đặc thù nên quy định báo trước 120 ngày để hãng có thể tìm và sắp xếp nguồn nhân lực thay thế. Phi công không giống các nghề khác, cứ nghỉ là có người bù đắp vào ngay mà phải đòi hỏi trình độ và tay nghề cao. Nhiều đối tượng huấn luyện thời gian dài nhưng vẫn không đạt”, ông Thành nói, đồng thời cũng chia sẻ, nhiều phi công cho rằng, mức bồi hoàn khi rời bỏ hãng là cao. Tuy nhiên, thực tế, mỗi phi công sẽ bồi hoàn mức khác nhau tùy vào thâm niên, và quá trình đào tạo. Có phi công chỉ bồi hoàn vài trăm triệu, người khác thì hơn tỷ đồng. Và đây là số tiền không lớn, bởi lẽ, một phi công tự túc đi học trên thế giới có thể lên đến vài tỷ đồng, đó là chưa kể các chi phí sinh hoạt…</p><p>Lý giải &nbsp;thêm vấn đề tiền lương, tại buổi gặp gỡ, ông Trần Thanh Hiền, Kế toán trưởng Vietnam Airlines cho biết, trong quỹ tiền lương thì hãng đã dành tới 39% để trả cho phi công. Từ 2008 đến nay hãng đã tái cơ cấu tiền lương vào bốn đợt. Đợt đầu tiên 2008 - 2010, công ty dành 51% tổng quỹ lương cải cách để trả thêm cho phi công. Đợt thứ hai dành tới 95% quỹ lương cải cách, đợt 3 dành 85% và đợt thứ 4 vào năm 2016 là 77%.</p><p>“Quỹ tiền lương chỉ tăng thêm khi công ty kinh doanh tốt. Vốn dĩ là công ty Nhà nước nên việc tăng quỹ tiền lương còn phụ thuộc vào nhiều yếu tố”, ông Hiền nói và cho biết Nghị quyết 2088 và quyết định số 10 của Tổng công ty đưa ra 4 cam kết cho giai đoạn 2016 - 2018 là thu nhập của phi công tại hãng đạt 70% thu nhập phi công nước ngoài. Luôn trả lương ổn định cho phi công và không phụ thuộc kết quả kinh doanh, đồng thời, thay đổi cơ chế&nbsp; tiền lương cho lao động phù hợp. Ngoài các cam kết trên, công ty cũng thường xuyên bổ sung thêm 0,5% tiền lương vào các năm. Năm nay, định hướng sẽ bổ sung 0,5% tháng tiền lương và 0,5 tháng tiền thưởng.</p><p>Trước đó, ngày 11/5, Vietnam Airlines cũng đã gửi báo cáo về việc 7 phi công của hãng xin thôi việc tới Cục Hàng không và đề nghị cục xem xét giải quyết theo đúng quy định để tránh gây thất thoát tài sản nhà nước.</p><p>Thứ trưởng Giao thông Vận tải Lê Đình Thọ cho biết, Bộ đã nhận được văn bản của Văn phòng Chính phủ và đã giao các bộ phận chuyên môn nghiên cứu, xem xét và báo cáo Chính phủ. Còn đại diện Cục Hàng không cũng thông tin, đã nắm được nội dung vụ việc và đang xác minh.</p><p>Trước đó, vào 2015, nhiều phi công hãng này cũng cáo ốm và xin thôi việc vì chê mức lương mà hãng chi trả thấp. Lúc đó, Bộ Giao thông đã có công văn hỏa tốc gửi Cục Hàng không, Vietnam Airlines. Trong đó, Bộ yêu cầu Cục Hàng không tạm thời chưa xem xét chấp thuận việc chuyển đổi nhà khai thác với lực lượng lao động kỹ thuật cao của Vietnam Airlines. Với công văn này, phi công nào đang muốn xin chuyển từ Vietnam Airlines sang hãng khác sẽ tạm thời bị từ chối.</p><p>Vietnam Airlines tính toán&nbsp;mất khoảng 1,7 tỷ đồng để đào tạo nên một phi công cơ bản tại Học viện Hàng không ESMA (Pháp) trong khoảng thời gian 72 tuần. Trong khi đó, rất nhiều phi công của Vietnam Airlines được hãng cho đi học 3 - 4 năm. Ngoài các khoản chi phí đào tạo, giảng dạy thì chi phí ăn uống đi lại của học viên cũng khá tốn kém. Thông thường những chi phí này ít có hóa đơn hợp lệ. Hiện, trong 3 hãng hàng không Việt Nam thì chỉ có duy nhất Vietnam Airlines tốn nhiều chi phí đào tạo cho phi công. Các hãng còn lại đa phần tuyển phi công có trình độ tay nghề sẵn.</p><p><strong>Thông tư số 21/2017/TT-BGTVT </strong>về khoản mục chấm dứt hợp đồng quy định: nhân viên có&nbsp;trình độ cao có quyền đơn phương chấm dứt hợp đồng trước thời hạn nhưng phải thông báo bằng văn bản cho người khai thác tàu bay, tổ bay tàu bay bảo dưỡng trước 120 ngày trước ngày dự kiến hợp đồng để người khai thác tàu bay lập kế hoạch khai thác hoạt động đảm bảo khai thác tàu bay theo kế hoạch đã được phê duyệt.</p><p><strong>Còn Luật Lao</strong> <strong>động</strong> quy định,&nbsp;người lao động làm việc theo hợp đồng lao động xác định thời hạn có quyền đơn phương chấm dứt hợp đồng, nhưng phải báo cho người sử dụng lao động biết trước ít nhất 45 ngày.&nbsp;Theo các phi công, Thông tư trên đang làm trái luật lao động và thời gian 120 ngày là quá nhiều.</p><p><strong>Thi Hà - Đoàn Loan</strong></p>', 'VNA-6712-1527906916.jpg', 1, NULL, 14, '2018-06-02 16:19:58', '2018-06-03 04:14:16'),
(27, 'Giới đầu tư đổ xô đến Phú Yên theo cơn sốt đất', 'gioi-dau-tu-do-xo-den-phu-yen', 'Phiên đấu giá 64 lô đất ở Phú Yên có gần 2.700 hồ sơ đăng ký mua với giá tiền tỷ mỗi lô.', '<p>Đầu tháng 6, giá đất tại các phường Phú Đông, phường Phú Thạnh, quanh khu vực phía Nam cầu Hùng Vương... (TP Tuy Hòa), được đẩy lên cao. Khắp nơi luôn có sự hiện diện của giới đầu cơ và cò đất bàn chuyện mua bán.</p><p>Người dân địa phương cho hay, cảnh mua bán đất diễn ra rầm rộ từ ba tháng gần đây, nhưng chủ yếu là người từ các tỉnh phía Bắc và TP HCM. Họ đến ngã giá mua và bán khiến nơi đây tạo nên cơn sốt đất.</p><p>Nhiều ngôi nhà mặt tiền đường Lê Duẩn (TP Tuy Hòa) được chủ hộ bán từ 8 đến 10 tỷ đồng tuỳ theo diện tích dù vài tháng trước giá trung bình chừng 3 tỷ đồng.&nbsp;Giá đất tại đây tăng lên từ vài chục đến vài trăm lần, tùy khu vực. “Nhiều gia đình đã bán nhà lấy tiền tỷ đến nơi khác sinh sống”, người dân cho hay.</p><p>Mới đây, phiên tổ chức bán đấu giá quyền sử dụng 64 lô đất ven biển tại khu dân cư phường Phú Đông, do UBND TP Tuy Hòa tổ chức hôm 2/6 có rất đông người đến tham gia.</p><p>Theo ông Võ Ngọc Kha, Chủ tịch UBND TP Tuy Hòa, những lô đất này nằm trong khu tái định cư, được hình thành sau khi xây kè chống sạt lở ven biển, không thuộc vị trí đẹp của thành phố. Cơ sở hạ tầng khá bình thường, một số điểm chưa hoàn thiện.&nbsp;</p><p>Chủ tịch thành phố cho hay, trong lần đầu giá đất hồi đầu tháng đã&nbsp;có&nbsp;gần 2.700 hồ sơ đăng ký, ngã giá để mua.&nbsp;\"Đây là phiên đấu giá đất được xem là có số lượng hồ sơ tham gia kỷ lục tại địa phương\", chủ tịch thành phố nói. Ông cũng cho biết, dự kiến của thành phố ban đầu sẽ thu được chừng 24 tỷ đồng từ việc đấu giá, nhưng kết quả khá bất ngờ khi thu vào gần 100 tỷ đồng.&nbsp;</p><p>Còn theo công ty tổ chức phiên đấu giá,&nbsp;thoạt đầu đơn vị đưa giá khởi điểm khoảng 360 triệu đồng mỗi lô đất với diện tích 100 m2, nhưng người tham gia&nbsp; nâng lên tiền tỷ, nhiều lô hơn 1,5 tỷ đồng. \"Chúng tôi bỏ giá cao hơn bốn lần so với giá khởi điểm mới mua được vì đất Phú Yên đang có tiềm năng phát triển, sinh lợi. Chẳng hạn, giá đất ở phường Phú Đông mấy tháng trước chỉ vài trăm triệu nay đã lên tới tiền tỷ\", người trúng đấu giá nói.</p><p>Theo công ty này, rất nhiều hồ sơ thì có chừng 70% tham gia với nhu cầu mua đất ở, nhưng họ bỏ giá thấp nên không trúng. Hầu hết người trúng đấu giá chủ yếu những người từ phía Bắc và TP HCM.</p><p>Kết quả do công ty này công bố, khoảng 10 người trúng đấu giá các lô đất đưa ra bán. Trong đó, một người đàn ông ở TP HCM mua gần 20 lô đất, còn lại chủ yếu là doanh nghiệp và công ty bất động sản.</p><p>&nbsp;</p><p>Gần 2.700 hồ sơ đăng ký tham gia phiên đấu giá 64 lô đất ở TP Tuy Hòa, hôm 2/6. Ảnh: <i>An Phước</i></p><p>Ngoài ra, nhiều vị trí đất ven biển ở Phú Yên&nbsp;như thị xã Sông Cầu, huyện Tuy An, Đông Hòa trở nên \"sốt\" khi được giới bất động sản đẩy lên cao.&nbsp;Một cò đất nhận định, họ tìm mua đất phía Nam cầu Hùng Vương, phường Phú Đông bởi gần sân bay Tuy Hòa và đi đến cảng Vũng Rô dễ dàng. Trường hợp đề án đặc khu kinh tế Vân Phong được hình thành thì nơi đây sẽ trở nên sầm uất nên đầu tư sớm.</p><p>Lãnh đạo tỉnh Phú Yên cho biết, hiện tượng đất được đẩy lên cao, khiến việc quản lý, quy hoạch và xây dựng của chính quyền gặp nhiều khó khăn. Tỉnh đã chỉ đạo công an cùng chính quyền các địa phương kiểm tra, nắm tình hình để có hướng xử lý.</p><p><strong>An Phước</strong></p>', 'datvenbienphuyen-6666-1528192743.jpg', 1, NULL, 13, '2018-06-05 11:51:12', NULL),
(28, '8 tư duy khác biệt của các tỷ phú', ' 8-tu-duy-khac-biet-cua-ti-phu', 'Ngoài khác biệt về tài sản với người thường, các tỷ phú còn có những tư duy riêng về lập nghiệp, đầu tư, cạnh tranh và nhìn nhận thất bại.', '<p>Nếu bạn muốn trở thành triệu phú USD hay thậm chí có giấc mơ lớn hơn - một tỷ phú -&nbsp;thì bạn nên bắt đầu suy nghĩ giống như họ. Vì thế, hiểu được suy nghĩ của những người thành công để học hỏi sự khôn ngoan của họ là một cách không thể bỏ lỡ.&nbsp;CNBC Make It đã tập họp 8 câu nói của các nhà tỷ phú tự thân mà những tư duy của họ có thể làm thay đổi suy nghĩ của bạn về tiền bạc, thành công và sự đổi mới.</p><p><strong>Tạo động lực cho bản thân</strong></p><p>“Điều tôi thích làm là tạo ra những điều làm tôi có thể tự hào. Nếu bạn tạo ra được những thứ mà bạn có thể tự hào, thì bạn có thể trở thành triệu phú hay tỷ phú nhờ vào sản phẩm đó. Bởi vì mọi người yêu thích những gì bạn tạo ra\", tỷ phú&nbsp;Richard Branson - Nhà sáng lập tập đoàn Virgin nói.</p><p><strong>Tuy nhiên, tỷ phú không là tất cả</strong></p><p>\"Tôi có thể hiểu được tham vọng muốn có hàng triệu USD, bởi đi kèm với điều đó là sự tự do đầy ý nghĩa. Nhưng khi bạn có quá nhiều tiền, tôi cam đoan rằng bạn vẫn chỉ ăn cùng một chiếc bánh hamburger mà thôi\",&nbsp;Bill Gates - Nhà đồng sáng lập Microsoft nhận xét.</p><p><strong>Quan hệ tiền bạc và sự nghiệp</strong></p><p>“Khi tôi nhìn lại bất cứ điều gì đã trả qua trong quá khứ cùng với những thành công thì phần thưởng lớn nhất của tôi là những nhân viên và các mối quan hệ có được. Tiền bạc chỉ là sự bất ngờ. Ý tôi là một sự bất ngờ tốt đẹp mà tôi đã đạt được khi đang tham gia vào một cuộc chơi mà tôi yêu thích\",&nbsp;Ray Dalio - Nhà sáng lập Bridgewater Associates rút ra nguồn cảm hứng của chính mình.</p><p><strong>Tâm thế trong cạnh tranh</strong></p><p>“Tôi luôn nghĩ về thời gian là vận động viên điền kinh tại Oregon. Tôi đã cạnh tranh với các vận động viên tốt hơn, nhanh hơn, có năng khiếu về thể chất hơn. Nhiều người trong số họ là những ứng viên Olympic tương lai. Nhưng lúc đó, tôi đã rèn luyện bản thân phải quên đi sự thật không vui này.</p><p>Người ta thường cho rằng sự cạnh tranh luôn là điều tốt, rằng nó luôn luôn mang lại điều tốt nhất cho mọi người, nhưng đó chỉ là sự thật đối với những ai có thể quên đi được sự cạnh tranh. Điều tôi học được từ khoảng thời gian này: nghệ thuật quên lãng cũng là nghệ thuật cạnh tranh.</p><p>Và bây giờ tôi vẫn luôn tự nhắc mình về điều đó. Bạn phải quên đi giới hạn của chính mình. Bạn phải quên đi những nghi ngờ, nỗi đau và quá khứ của bạn\", Phil Knight - Nhà sáng lập Nike, tác giả cuốn tự truyện “Shoe Dog” chia sẻ.</p><p><strong>Chiến lược đầu tư dài hạn</strong></p><p>“Hãy lập một danh mục đầu tư gồm các công ty có tổng thu nhập tăng qua các năm và đó cũng là giá trị thị trường của danh mục đầu tư này. Nếu bạn chưa sẵn sàng để sở hữu một cổ phiếu trong 10 năm thì đừng nghĩ đến việc sẽ được sở hữu nó trong vòng 10 phút\", tỷ phú&nbsp;Warren Buffett nêu lời khuyên.</p><p><strong>Cách nhìn nhận về thất bại</strong></p>', 'cccc.jpg', 1, NULL, 12, '2018-06-05 11:59:47', '2018-06-05 12:01:11'),
(29, 'Ăn chất béo đúng cách để tránh sinh bệnh', 'an-chat-beo-dung-cach', 'Chất béo có trong thực phẩm dầu, mỡ, là nguồn sinh năng lượng cơ thể, cần thiết cho sự phát triển trí tuệ và thể lực trẻ nhỏ.', '<p>Tiến sĩ Lê Bạch Mai, Viện Dinh dưỡng chia sẻ, chất béo được cho là một trong những nguyên nhân dẫn đến ung thư. Nhiều người sợ nên tẩy chay hoàn toàn chất béo. Tuy nhiên, thực tế là không nên kiêng béo hoàn toàn mà ăn hợp lý.</p><p>Chất béo có trong dầu, mỡ, thuộc nhóm chất dinh dưỡng chính và có vai trò cần thiết cho cơ thể. Đó là nguồn sinh năng lượng quan trọng, giúp hỗ trợ hấp thu các vitamin tan trong chất béo như vitamin A, D, E, K.</p><p>Đặc biệt, chất béo là thành phần quan trọng của nhiều chất cần thiết đối với cơ thể. Nó tham gia cấu tạo các tế bào và dịch thể của các tổ chức, đặc biệt là não. Chất béo hỗ trợ trẻ nhỏ phát triển sớm về trí tuệ và thể lực, giữ vai trò quan trọng đối với hệ thần kinh trung ương của trẻ.&nbsp;Thiếu hụt về chất béo trong khẩu phần ăn hàng ngày ảnh hưởng đến chức phận nhiều cơ quan, đặc biệt là cơ quan thần kinh. Do vậy, đối với trẻ em, khẩu phần cần đảm bảo đủ chất béo.</p><p>Trẻ dưới một tuổi, năng lượng do chất béo cung cấp chiếm trên 40% tổng năng lượng khẩu phần, với trẻ 1-2 tuổi tỷ lệ này 30-35%. Trẻ nhỏ cần được bú mẹ vì trong sữa mẹ hàm lượng chất béo cao lại giàu DHA và EPA là những axit béo đặc biệt quan trọng đối với sự phát triển bộ não. Từ 6 tháng tuổi, khi trẻ ăn bổ sung cần cân đối giữa chất béo động vật và chất béo thực vật.</p><p>Với người trưởng thành, chất béo cũng hết sức cần thiết. Ngoài các vai trò trên, nó còn tham gia vào quá trình hình thành và cấu trúc của các hormone sinh dục, duy trì sự mềm mại của làn da.</p><p>Theo các chuyên gia dinh dưỡng, tỷ lệ cân đối giữa chất béo động vật với chất béo thực vật 70% và 30%. Người trưởng thành nên ăn phối hợp cả dầu và mỡ, tỷ lệ khuyến cáo 50-60% dầu thực vật và 50-40% mỡ động vật. Với người cao tuổi, tỷ lệ mỡ động vật nên giảm còn khoảng 30%.</p><p>Khi chế biến chất béo, lưu ý nhiệt độ không quá 102 độ C. Khi đun lâu ở nhiệt độ cao, các axít béo không no sẽ bị ôxy hóa làm mất tác dụng có ích với cơ thể, đồng thời tạo thành các sản phẩm trung gian như là peroxit, aldehyt... có hại đối với cơ thể.&nbsp;Vì thế, không nên tái sử dụng dầu, mỡ đã rán ở nhiệt độ cao. Không mua các thức ăn rán, quay bán sẵn (quẩy, bánh rán, gà quay...) khi thấy chảo dầu, mỡ dùng cho việc chế biến không còn trong, đã được sử dụng nhiều lần và có màu đen cháy.</p><p><strong>Phương Trang</strong></p>', 'chatbeo11-8946-1527909670.jpg', 0, NULL, 13, '2018-06-05 12:16:40', NULL),
(30, 'Nhiếp ảnh gia Pháp ra sách ảnh về vẻ đẹp chùa Việt', '   nhiep-anh-gia-ra-sach', 'Sách \"Chùa Việt Nam\" của Nicolas Cornet có hơn 20.000 tác phẩm khắc họa không gian tâm linh ba miền.', '<p>Cuối tuần qua, nhiếp ảnh gia người Pháp Nicolas Cornet ra mắt sách<i> Chùa Việt Nam </i>tại Bảo tàng Mỹ thuật TP HCM. Tập sách dày 251 trang, gồm hơn 20.000 bức ảnh từ 31 ngôi chùa. Sách được chia làm năm chương. Hai chương đầu, Nicolas Cornet chụp các ngôi đình, chùa còn giữ vẻ cổ kính ở miền Bắc. Chương ba, nghệ sĩ tập trung vào di tích chùa chiền tại Huế. Chương bốn là hình ảnh không gian tâm linh tại TP HCM - nơi có sự giao thoa giữa kiến trúc đình chùa Việt với công trình tôn giáo người Hoa. Chương cuối, Nicolas Cornet thể hiện vẻ đẹp của những ngôi chùa mang đậm văn hóa Khmer tại Đồng bằng sông Cửu Long.</p><p>&nbsp;</p><p>Bìa cuốn \"Chùa Việt Nam\" vừa phát hành.</p><p>Nicolas Cornet chia sẻ có cảm hứng thực hiện cuốn sách sau lần đến thăm một ngôi chùa đang được trùng tu ở Phan Thiết (Bình Thuận). Mỗi lần được sửa chữa, trùng tu, chùa dần dần không còn vẻ đẹp cổ kính nguyên sơ. Từ đó, bằng ống kính của mình, ông đã đi nhiều nơi để ghi lại hình ảnh các ngôi chùa Việt Nam, như một cách lưu giữ lại giá trị lịch sử, văn hóa cần được gìn giữ, bảo tồn và quảng bá đến nhiều khán giả.</p><p>Với cuốn sách ảnh <i>Chùa Việt Nam</i>, Nicolas Cornet hy vọng giới thiệu cho người xem vẻ đẹp thâm nghiêm, cổ kính của các đền chùa cổ, hình ảnh các hoạt động tôn giáo, lễ hội của người dân ở từng địa phương. Nicolas Cornet muốn hai con con anh - những đứa trẻ mang nửa dòng máu Việt - sau này dù đi đâu, làm gì vẫn luôn giữ được hình ảnh quê mẹ trong tim.</p><p>&nbsp;</p><p>Chùa ở Trà Vinh trong sách của Nicolas Cornet.</p><p>Ngoài ra mắt sách, Nicolas Cornet còn thực hiện triển lãm một số bức ảnh trong sách. Triển lãm kéo dài từ ngày 1 đến 10/6 tại Bảo tàng Mỹ thuật TP HCM. Sắp tới, Nicolas Cornet chuyển ngữ cuốn sách sang tiếng Anh, bên cạnh song ngữ hiện tại là Việt - Pháp.</p><p>Nicolas Cornet từng làm phóng viên, nhiếp ảnh gia ở nhiều nước châu Âu và châu Á. Hơn 30 năm sinh sống và làm việc tại Việt Nam, ông quan tâm đến đề tài lịch sử văn hóa và vẻ đẹp kiến trúc đền, chùa trong đời sống tâm linh người Á Đông.</p><p><strong>Hồng Vân</strong></p>', 'tra-vinh-4225-1528089886.jpg', 1, NULL, 5, '2018-06-05 12:37:56', '2018-06-05 12:39:28'),
(31, 'Apple ra iOS 12 với giao diện cũ, nhiều tính năng mới', 'apple-ra-ios12-voi-giao-dien-cu', 'Phiên bản hệ điều hành mới của iPhone và iPad không có thay đổi về giao diện nhưng lại được nâng cấp hàng loạt tính năng thông dụng.', '<p>Màn giới thiệu hệ điều hành iOS phiên bản mới nhất, 12, đã mở đầu cho WWDC 2018, hội nghị dành cho các nhà phát triển năm nay của Apple. Phần giới thiệu về iOS cũng chiếm phần lớn thời gian trong sự kiện vừa diễn ra tối 5/6 của hãng công nghệ Mỹ.</p><p>Tuy nhiên, phiên bản iOS mới nhất không thực sự khác biệt so với iOS 11 hay iOS 10 tiền nhiệm về giao diện. Đổi lại, Apple đã tiến hành hàng loạt nâng cấp về hiệu năng và tính năng.</p><p>Theo Apple, phiên bản chạy nhanh hơn nhiều iOS 11 với thời gian khởi động ứng dụng nhanh gấp đôi, bàn phím hiện lên sớm hơn 50% và ứng dụng camera cũng mở nhanh hơn tới 70%. Vi xử lý cũng có thể tự động điều chỉnh tăng tốc độ khi cần thiết và tự động giảm xuống sau khi đã chạy ứng dụng nhằm tiết kiệm pin.</p><p>Đây là thay đổi \"vô hình\" nhưng hứa hẹn đem lại trải nghiệm tốt hơn cho người dùng các thiết bị di động như iPhone và iPad của Apple. Vì thực tế, iOS 12 tiếp tục được Apple duy trì trên cả nhiều thiết bị cũ như iPhone 5s, iPhone 6 hay iPad Air, iPad mini 2...</p><p>AR (thực tế tăng cường) cũng là phần được chú trọng trên iOS 12 và hứa hẹn đây sẽ là tính năng nổi bật trên những dòng iPhone thế hệ mới sắp ra mắt. Bộ công cụ AR mới của Apple sẽ được tích hợp luôn tính năng đo khoảng cách, kích thước và cho phép người dùng có thể chia sẻ nội dung AR với nhau dễ dàng hơn. Đây là cập nhật quan trọng khi đem lại trải nghiệm AR mới mẻ, cho phép hai người cùng tương tác AR một lúc và với nhau, hữu dụng khi chơi game...</p><p>Không thay đổi về giao diện, nhưng hàng loạt tính năng quen thuộc và thường dùng trên iPhone và iPad được Apple nâng cấp, từ ứng dụng quản lý ảnh Photos cho tới trợ lý ảo Siri, đọc tin tức News cho tới nhắn tin iMessage hay gọi điện Facetimes.</p><p>Công cụ trên iOS 12 cho phép thống kê lại việc người dùng đã dành bao nhiêu thời gian mỗi ngày, mỗi tuần để sử dụng điện thoại, dùng ứng dụng gì nhiều nhất và bao lâu. Nếu cảm thấy cần thiết, người dùng còn có thể tự giới hạn việc sử dụng thiết bị và ứng dụng của mình như giới hạn việc sử dụng ứng dụng theo thời gian, số lần mở... Apple còn tinh chỉnh lại hệ thống thông báo khi gom lại theo nhóm, cải tiến tính năng không làm phiền Do Not Disturb... Tất cả những điều này giúp người dùng có thể tránh phụ thuộc vào thiết bị di động quá nhiều nếu muốn.</p><p>Ngoài những điểm chỉnh trên, Apple còn làm mới và bổ sung những tính năng liên quan đến việc đọc sách điện tử (Books), tin tức (News), ghi chú giọng nói hay theo dõi chứng khoán... Tuy nhiên, một tính năng được khá nhiều người mong chờ trước khi iOS 12 ra mắt là giao diện tối màu Dark Mode vẫn chưa xuất hiện. Trong khi đó, Apple đã bổ sung tính năng này trên hệ điều hành macOS mới 10.14 vừa ra mắt.</p><p>iOS 12 sẽ được phát hành chính thức vào khoảng tháng 9 hoặc 10 sắp tới nhưng giờ Apple đã cho phép lập trình viên có thể sử dụng phiên bản thử nghiệm, bắt đầu từ ngay sau khi WWDC 2018 khai mạc.</p><p><strong>Tuấn Anh</strong></p>', 'Screen-Shot-2018-06-05-at-3-00-3651-8733-1528143233.png', 1, NULL, 28, '2018-06-05 12:44:02', NULL);

-- --------------------------------------------------------

--
-- Cấu trúc bảng cho bảng `users`
--

CREATE TABLE `users` (
  `id` int(10) UNSIGNED NOT NULL,
  `name` varchar(255) COLLATE utf8_unicode_ci NOT NULL,
  `email` varchar(255) COLLATE utf8_unicode_ci NOT NULL,
  `password` varchar(255) COLLATE utf8_unicode_ci NOT NULL,
  `created_at` timestamp NULL DEFAULT CURRENT_TIMESTAMP,
  `updated_at` timestamp NULL DEFAULT NULL,
  `lever` int(1) DEFAULT NULL
) ENGINE=InnoDB DEFAULT CHARSET=utf8 COLLATE=utf8_unicode_ci;

--
-- Đang đổ dữ liệu cho bảng `users`
--

INSERT INTO `users` (`id`, `name`, `email`, `password`, `created_at`, `updated_at`, `lever`) VALUES
(1, 'Danh Xuân Thừa', 'danhxuanthua@gmail.com', '25d55ad283aa400af464c76d713c07ad', '2018-05-17 02:37:33', '2018-05-31 13:22:20', 1),
(2, 'user_1', 'user_1@gmail.com', '25d55ad283aa400af464c76d713c07ad', '2018-05-17 16:52:33', NULL, 0),
(3, 'user_2', 'user_2@gmail.com', '25d55ad283aa400af464c76d713c07ad', '2018-06-05 10:24:25', NULL, 0);

--
-- Chỉ mục cho các bảng đã đổ
--

--
-- Chỉ mục cho bảng `comment`
--
ALTER TABLE `comment`
  ADD PRIMARY KEY (`id`),
  ADD KEY `comment_iduser_foreign` (`idUser`),
  ADD KEY `comment_idtintuc_foreign` (`idTinTuc`);

--
-- Chỉ mục cho bảng `loaitin`
--
ALTER TABLE `loaitin`
  ADD PRIMARY KEY (`id`),
  ADD KEY `loaitin_idtheloai_foreign` (`idTheLoai`);

--
-- Chỉ mục cho bảng `slide`
--
ALTER TABLE `slide`
  ADD PRIMARY KEY (`id`);

--
-- Chỉ mục cho bảng `theloai`
--
ALTER TABLE `theloai`
  ADD PRIMARY KEY (`id`);

--
-- Chỉ mục cho bảng `tintuc`
--
ALTER TABLE `tintuc`
  ADD PRIMARY KEY (`id`),
  ADD KEY `tintuc_idloaitin_foreign` (`idLoaiTin`);

--
-- Chỉ mục cho bảng `users`
--
ALTER TABLE `users`
  ADD PRIMARY KEY (`id`),
  ADD UNIQUE KEY `users_email_unique` (`email`);

--
-- AUTO_INCREMENT cho các bảng đã đổ
--

--
-- AUTO_INCREMENT cho bảng `comment`
--
ALTER TABLE `comment`
  MODIFY `id` int(10) UNSIGNED NOT NULL AUTO_INCREMENT, AUTO_INCREMENT=8;

--
-- AUTO_INCREMENT cho bảng `loaitin`
--
ALTER TABLE `loaitin`
  MODIFY `id` int(10) UNSIGNED NOT NULL AUTO_INCREMENT, AUTO_INCREMENT=29;

--
-- AUTO_INCREMENT cho bảng `slide`
--
ALTER TABLE `slide`
  MODIFY `id` int(10) UNSIGNED NOT NULL AUTO_INCREMENT, AUTO_INCREMENT=13;

--
-- AUTO_INCREMENT cho bảng `theloai`
--
ALTER TABLE `theloai`
  MODIFY `id` int(10) UNSIGNED NOT NULL AUTO_INCREMENT, AUTO_INCREMENT=10;

--
-- AUTO_INCREMENT cho bảng `tintuc`
--
ALTER TABLE `tintuc`
  MODIFY `id` int(10) UNSIGNED NOT NULL AUTO_INCREMENT, AUTO_INCREMENT=32;

--
-- AUTO_INCREMENT cho bảng `users`
--
ALTER TABLE `users`
  MODIFY `id` int(10) UNSIGNED NOT NULL AUTO_INCREMENT, AUTO_INCREMENT=4;

--
-- Các ràng buộc cho các bảng đã đổ
--

--
-- Các ràng buộc cho bảng `comment`
--
ALTER TABLE `comment`
  ADD CONSTRAINT `comment_idtintuc_foreign` FOREIGN KEY (`idTinTuc`) REFERENCES `tintuc` (`id`),
  ADD CONSTRAINT `comment_iduser_foreign` FOREIGN KEY (`idUser`) REFERENCES `users` (`id`);

--
-- Các ràng buộc cho bảng `loaitin`
--
ALTER TABLE `loaitin`
  ADD CONSTRAINT `loaitin_idtheloai_foreign` FOREIGN KEY (`idTheLoai`) REFERENCES `theloai` (`id`);

--
-- Các ràng buộc cho bảng `tintuc`
--
ALTER TABLE `tintuc`
  ADD CONSTRAINT `tintuc_idloaitin_foreign` FOREIGN KEY (`idLoaiTin`) REFERENCES `loaitin` (`id`);
COMMIT;

/*!40101 SET CHARACTER_SET_CLIENT=@OLD_CHARACTER_SET_CLIENT */;
/*!40101 SET CHARACTER_SET_RESULTS=@OLD_CHARACTER_SET_RESULTS */;
/*!40101 SET COLLATION_CONNECTION=@OLD_COLLATION_CONNECTION */;
